<Annotation><filename>2015_00182</filename><size><width>520</width><height>398</height><depth>3</depth></size><object><name>Bicycle</name><pose>Unspecified</pose><truncated>0</truncated><difficult>0</difficult><bndbox><xmin>191</xmin><ymin>171</ymin><xmax>269</xmax><ymax>332</ymax></bndbox></object><object><name>People</name><pose>Unspecified</pose><truncated>0</truncated><difficult>0</difficult><bndbox><xmin>190</xmin><ymin>95</ymin><xmax>272</xmax><ymax>281</ymax></bndbox></object></Annotation>