<Annotation><filename>2015_00413</filename><size><width>640</width><height>482</height><depth>3</depth></size><object><name>Bicycle</name><pose>Unspecified</pose><truncated>0</truncated><difficult>0</difficult><bndbox><xmin>349</xmin><ymin>245</ymin><xmax>506</xmax><ymax>417</ymax></bndbox></object><object><name>People</name><pose>Unspecified</pose><truncated>0</truncated><difficult>0</difficult><bndbox><xmin>226</xmin><ymin>159</ymin><xmax>261</xmax><ymax>273</ymax></bndbox></object><object><name>People</name><pose>Unspecified</pose><truncated>0</truncated><difficult>0</difficult><bndbox><xmin>379</xmin><ymin>157</ymin><xmax>486</xmax><ymax>410</ymax></bndbox></object></Annotation>