<Annotation><filename>2015_00245</filename><size><width>1024</width><height>685</height><depth>3</depth></size><object><name>Bicycle</name><pose>Unspecified</pose><truncated>0</truncated><difficult>0</difficult><bndbox><xmin>348</xmin><ymin>294</ymin><xmax>531</xmax><ymax>572</ymax></bndbox></object><object><name>People</name><pose>Unspecified</pose><truncated>0</truncated><difficult>0</difficult><bndbox><xmin>126</xmin><ymin>230</ymin><xmax>425</xmax><ymax>668</ymax></bndbox></object><object><name>People</name><pose>Unspecified</pose><truncated>0</truncated><difficult>0</difficult><bndbox><xmin>557</xmin><ymin>77</ymin><xmax>765</xmax><ymax>641</ymax></bndbox></object></Annotation>