<Annotation><filename>2015_00382</filename><size><width>640</width><height>427</height><depth>3</depth></size><object><name>Bicycle</name><pose>Unspecified</pose><truncated>0</truncated><difficult>0</difficult><bndbox><xmin>306</xmin><ymin>287</ymin><xmax>346</xmax><ymax>337</ymax></bndbox></object><object><name>People</name><pose>Unspecified</pose><truncated>0</truncated><difficult>0</difficult><bndbox><xmin>320</xmin><ymin>265</ymin><xmax>342</xmax><ymax>329</ymax></bndbox></object></Annotation>