<Annotation><filename>2015_00264</filename><size><width>640</width><height>360</height><depth>3</depth></size><object><name>Bicycle</name><pose>Unspecified</pose><truncated>0</truncated><difficult>0</difficult><bndbox><xmin>197</xmin><ymin>178</ymin><xmax>350</xmax><ymax>325</ymax></bndbox></object><object><name>Bicycle</name><pose>Unspecified</pose><truncated>0</truncated><difficult>0</difficult><bndbox><xmin>371</xmin><ymin>185</ymin><xmax>469</xmax><ymax>284</ymax></bndbox></object><object><name>Bicycle</name><pose>Unspecified</pose><truncated>0</truncated><difficult>0</difficult><bndbox><xmin>512</xmin><ymin>197</ymin><xmax>578</xmax><ymax>261</ymax></bndbox></object><object><name>People</name><pose>Unspecified</pose><truncated>0</truncated><difficult>0</difficult><bndbox><xmin>435</xmin><ymin>137</ymin><xmax>498</xmax><ymax>286</ymax></bndbox></object></Annotation>