<Annotation><filename>2015_00350</filename><size><width>1024</width><height>678</height><depth>3</depth></size><object><name>Bicycle</name><pose>Unspecified</pose><truncated>0</truncated><difficult>0</difficult><bndbox><xmin>261</xmin><ymin>432</ymin><xmax>541</xmax><ymax>625</ymax></bndbox></object><object><name>Bicycle</name><pose>Unspecified</pose><truncated>0</truncated><difficult>0</difficult><bndbox><xmin>567</xmin><ymin>455</ymin><xmax>787</xmax><ymax>624</ymax></bndbox></object><object><name>Bicycle</name><pose>Unspecified</pose><truncated>0</truncated><difficult>0</difficult><bndbox><xmin>785</xmin><ymin>442</ymin><xmax>894</xmax><ymax>607</ymax></bndbox></object></Annotation>