<Annotation><filename>2015_00457</filename><size><width>2448</width><height>2448</height><depth>3</depth></size><object><name>Bicycle</name><pose>Unspecified</pose><truncated>0</truncated><difficult>0</difficult><bndbox><xmin>938</xmin><ymin>745</ymin><xmax>1702</xmax><ymax>1501</ymax></bndbox></object><object><name>Motorbike</name><pose>Unspecified</pose><truncated>0</truncated><difficult>0</difficult><bndbox><xmin>854</xmin><ymin>613</ymin><xmax>997</xmax><ymax>746</ymax></bndbox></object><object><name>Car</name><pose>Unspecified</pose><truncated>0</truncated><difficult>0</difficult><bndbox><xmin>995</xmin><ymin>579</ymin><xmax>1286</xmax><ymax>745</ymax></bndbox></object><object><name>Cat</name><pose>Unspecified</pose><truncated>0</truncated><difficult>0</difficult><bndbox><xmin>1189</xmin><ymin>579</ymin><xmax>1519</xmax><ymax>761</ymax></bndbox></object><object><name>Cat</name><pose>Unspecified</pose><truncated>0</truncated><difficult>0</difficult><bndbox><xmin>98</xmin><ymin>1340</ymin><xmax>311</xmax><ymax>1592</ymax></bndbox></object><object><name>People</name><pose>Unspecified</pose><truncated>0</truncated><difficult>0</difficult><bndbox><xmin>407</xmin><ymin>1091</ymin><xmax>776</xmax><ymax>1785</ymax></bndbox></object></Annotation>