<Annotation><filename>2015_00477</filename><size><width>1200</width><height>795</height><depth>3</depth></size><object><name>Bicycle</name><pose>Unspecified</pose><truncated>0</truncated><difficult>0</difficult><bndbox><xmin>343</xmin><ymin>360</ymin><xmax>756</xmax><ymax>737</ymax></bndbox></object><object><name>Car</name><pose>Unspecified</pose><truncated>0</truncated><difficult>0</difficult><bndbox><xmin>852</xmin><ymin>283</ymin><xmax>1002</xmax><ymax>390</ymax></bndbox></object><object><name>People</name><pose>Unspecified</pose><truncated>0</truncated><difficult>0</difficult><bndbox><xmin>499</xmin><ymin>187</ymin><xmax>681</xmax><ymax>626</ymax></bndbox></object></Annotation>