<Annotation><filename>2015_00084</filename><size><width>640</width><height>427</height><depth>3</depth></size><object><name>Bicycle</name><pose>Unspecified</pose><truncated>0</truncated><difficult>0</difficult><bndbox><xmin>142</xmin><ymin>242</ymin><xmax>414</xmax><ymax>402</ymax></bndbox></object><object><name>People</name><pose>Unspecified</pose><truncated>0</truncated><difficult>0</difficult><bndbox><xmin>213</xmin><ymin>151</ymin><xmax>345</xmax><ymax>399</ymax></bndbox></object></Annotation>