<Annotation><filename>2015_00329</filename><size><width>640</width><height>480</height><depth>3</depth></size><object><name>Bicycle</name><pose>Unspecified</pose><truncated>0</truncated><difficult>0</difficult><bndbox><xmin>225</xmin><ymin>261</ymin><xmax>363</xmax><ymax>403</ymax></bndbox></object><object><name>People</name><pose>Unspecified</pose><truncated>0</truncated><difficult>0</difficult><bndbox><xmin>283</xmin><ymin>221</ymin><xmax>373</xmax><ymax>341</ymax></bndbox></object></Annotation>