<Annotation><filename>2015_00227</filename><size><width>521</width><height>332</height><depth>3</depth></size><object><name>Bicycle</name><pose>Unspecified</pose><truncated>0</truncated><difficult>0</difficult><bndbox><xmin>253</xmin><ymin>100</ymin><xmax>467</xmax><ymax>331</ymax></bndbox></object><object><name>Chair</name><pose>Unspecified</pose><truncated>0</truncated><difficult>0</difficult><bndbox><xmin>157</xmin><ymin>141</ymin><xmax>207</xmax><ymax>173</ymax></bndbox></object></Annotation>