<Annotation><filename>2015_00132</filename><size><width>640</width><height>480</height><depth>3</depth></size><object><name>Bicycle</name><pose>Unspecified</pose><truncated>0</truncated><difficult>0</difficult><bndbox><xmin>339</xmin><ymin>224</ymin><xmax>413</xmax><ymax>282</ymax></bndbox></object><object><name>Bicycle</name><pose>Unspecified</pose><truncated>0</truncated><difficult>0</difficult><bndbox><xmin>197</xmin><ymin>212</ymin><xmax>259</xmax><ymax>259</ymax></bndbox></object></Annotation>