<Annotation><filename>2015_00302</filename><size><width>900</width><height>600</height><depth>3</depth></size><object><name>Bicycle</name><pose>Unspecified</pose><truncated>0</truncated><difficult>0</difficult><bndbox><xmin>164</xmin><ymin>195</ymin><xmax>478</xmax><ymax>432</ymax></bndbox></object><object><name>People</name><pose>Unspecified</pose><truncated>0</truncated><difficult>0</difficult><bndbox><xmin>186</xmin><ymin>101</ymin><xmax>436</xmax><ymax>377</ymax></bndbox></object></Annotation>