<Annotation><filename>2015_00111</filename><size><width>339</width><height>506</height><depth>3</depth></size><object><name>Bicycle</name><pose>Unspecified</pose><truncated>0</truncated><difficult>0</difficult><bndbox><xmin>31</xmin><ymin>305</ymin><xmax>111</xmax><ymax>454</ymax></bndbox></object><object><name>Bicycle</name><pose>Unspecified</pose><truncated>0</truncated><difficult>0</difficult><bndbox><xmin>272</xmin><ymin>284</ymin><xmax>311</xmax><ymax>346</ymax></bndbox></object></Annotation>