<Annotation><filename>2015_00436</filename><size><width>500</width><height>375</height><depth>3</depth></size><object><name>Bicycle</name><pose>Unspecified</pose><truncated>0</truncated><difficult>0</difficult><bndbox><xmin>8</xmin><ymin>207</ymin><xmax>498</xmax><ymax>324</ymax></bndbox></object><object><name>Bicycle</name><pose>Unspecified</pose><truncated>0</truncated><difficult>0</difficult><bndbox><xmin>11</xmin><ymin>146</ymin><xmax>93</xmax><ymax>218</ymax></bndbox></object><object><name>Bicycle</name><pose>Unspecified</pose><truncated>0</truncated><difficult>0</difficult><bndbox><xmin>78</xmin><ymin>129</ymin><xmax>116</xmax><ymax>199</ymax></bndbox></object><object><name>Bicycle</name><pose>Unspecified</pose><truncated>0</truncated><difficult>0</difficult><bndbox><xmin>109</xmin><ymin>165</ymin><xmax>145</xmax><ymax>246</ymax></bndbox></object><object><name>Bicycle</name><pose>Unspecified</pose><truncated>0</truncated><difficult>0</difficult><bndbox><xmin>166</xmin><ymin>155</ymin><xmax>231</xmax><ymax>242</ymax></bndbox></object><object><name>Bicycle</name><pose>Unspecified</pose><truncated>0</truncated><difficult>0</difficult><bndbox><xmin>264</xmin><ymin>138</ymin><xmax>389</xmax><ymax>223</ymax></bndbox></object><object><name>Bicycle</name><pose>Unspecified</pose><truncated>0</truncated><difficult>0</difficult><bndbox><xmin>439</xmin><ymin>140</ymin><xmax>497</xmax><ymax>203</ymax></bndbox></object><object><name>People</name><pose>Unspecified</pose><truncated>0</truncated><difficult>0</difficult><bndbox><xmin>11</xmin><ymin>102</ymin><xmax>56</xmax><ymax>163</ymax></bndbox></object><object><name>People</name><pose>Unspecified</pose><truncated>0</truncated><difficult>0</difficult><bndbox><xmin>218</xmin><ymin>121</ymin><xmax>268</xmax><ymax>211</ymax></bndbox></object><object><name>People</name><pose>Unspecified</pose><truncated>0</truncated><difficult>0</difficult><bndbox><xmin>386</xmin><ymin>127</ymin><xmax>440</xmax><ymax>227</ymax></bndbox></object><object><name>People</name><pose>Unspecified</pose><truncated>0</truncated><difficult>0</difficult><bndbox><xmin>478</xmin><ymin>87</ymin><xmax>497</xmax><ymax>131</ymax></bndbox></object><object><name>People</name><pose>Unspecified</pose><truncated>0</truncated><difficult>0</difficult><bndbox><xmin>447</xmin><ymin>85</ymin><xmax>472</xmax><ymax>136</ymax></bndbox></object><object><name>People</name><pose>Unspecified</pose><truncated>0</truncated><difficult>0</difficult><bndbox><xmin>428</xmin><ymin>82</ymin><xmax>447</xmax><ymax>147</ymax></bndbox></object><object><name>People</name><pose>Unspecified</pose><truncated>0</truncated><difficult>0</difficult><bndbox><xmin>402</xmin><ymin>82</ymin><xmax>426</xmax><ymax>140</ymax></bndbox></object><object><name>People</name><pose>Unspecified</pose><truncated>0</truncated><difficult>0</difficult><bndbox><xmin>379</xmin><ymin>81</ymin><xmax>401</xmax><ymax>138</ymax></bndbox></object><object><name>People</name><pose>Unspecified</pose><truncated>0</truncated><difficult>0</difficult><bndbox><xmin>356</xmin><ymin>78</ymin><xmax>378</xmax><ymax>140</ymax></bndbox></object><object><name>People</name><pose>Unspecified</pose><truncated>0</truncated><difficult>0</difficult><bndbox><xmin>287</xmin><ymin>76</ymin><xmax>354</xmax><ymax>135</ymax></bndbox></object><object><name>People</name><pose>Unspecified</pose><truncated>0</truncated><difficult>0</difficult><bndbox><xmin>243</xmin><ymin>86</ymin><xmax>268</xmax><ymax>143</ymax></bndbox></object><object><name>People</name><pose>Unspecified</pose><truncated>0</truncated><difficult>0</difficult><bndbox><xmin>218</xmin><ymin>82</ymin><xmax>243</xmax><ymax>144</ymax></bndbox></object><object><name>People</name><pose>Unspecified</pose><truncated>0</truncated><difficult>0</difficult><bndbox><xmin>188</xmin><ymin>94</ymin><xmax>216</xmax><ymax>151</ymax></bndbox></object><object><name>People</name><pose>Unspecified</pose><truncated>0</truncated><difficult>0</difficult><bndbox><xmin>112</xmin><ymin>78</ymin><xmax>182</xmax><ymax>137</ymax></bndbox></object><object><name>People</name><pose>Unspecified</pose><truncated>0</truncated><difficult>0</difficult><bndbox><xmin>36</xmin><ymin>76</ymin><xmax>108</xmax><ymax>124</ymax></bndbox></object></Annotation>