<Annotation><filename>2015_00013</filename><size><width>1024</width><height>768</height><depth>3</depth></size><object><name>Bicycle</name><pose>Unspecified</pose><truncated>0</truncated><difficult>0</difficult><bndbox><xmin>235</xmin><ymin>441</ymin><xmax>356</xmax><ymax>651</ymax></bndbox></object><object><name>Bicycle</name><pose>Unspecified</pose><truncated>0</truncated><difficult>0</difficult><bndbox><xmin>652</xmin><ymin>429</ymin><xmax>749</xmax><ymax>589</ymax></bndbox></object><object><name>People</name><pose>Unspecified</pose><truncated>0</truncated><difficult>0</difficult><bndbox><xmin>223</xmin><ymin>324</ymin><xmax>335</xmax><ymax>638</ymax></bndbox></object><object><name>People</name><pose>Unspecified</pose><truncated>0</truncated><difficult>0</difficult><bndbox><xmin>662</xmin><ymin>356</ymin><xmax>737</xmax><ymax>548</ymax></bndbox></object></Annotation>