<Annotation><filename>2015_00301</filename><size><width>1024</width><height>683</height><depth>3</depth></size><object><name>Bicycle</name><pose>Unspecified</pose><truncated>0</truncated><difficult>0</difficult><bndbox><xmin>386</xmin><ymin>311</ymin><xmax>741</xmax><ymax>663</ymax></bndbox></object><object><name>People</name><pose>Unspecified</pose><truncated>0</truncated><difficult>0</difficult><bndbox><xmin>405</xmin><ymin>149</ymin><xmax>617</xmax><ymax>682</ymax></bndbox></object></Annotation>