<Annotation><filename>2015_00234</filename><size><width>1024</width><height>672</height><depth>3</depth></size><object><name>Bicycle</name><pose>Unspecified</pose><truncated>0</truncated><difficult>0</difficult><bndbox><xmin>482</xmin><ymin>414</ymin><xmax>798</xmax><ymax>664</ymax></bndbox></object><object><name>Bicycle</name><pose>Unspecified</pose><truncated>0</truncated><difficult>0</difficult><bndbox><xmin>159</xmin><ymin>374</ymin><xmax>669</xmax><ymax>665</ymax></bndbox></object><object><name>People</name><pose>Unspecified</pose><truncated>0</truncated><difficult>0</difficult><bndbox><xmin>380</xmin><ymin>187</ymin><xmax>597</xmax><ymax>616</ymax></bndbox></object><object><name>People</name><pose>Unspecified</pose><truncated>0</truncated><difficult>0</difficult><bndbox><xmin>552</xmin><ymin>271</ymin><xmax>737</xmax><ymax>646</ymax></bndbox></object></Annotation>