<Annotation><filename>2015_00198</filename><size><width>683</width><height>1024</height><depth>3</depth></size><object><name>Bicycle</name><pose>Unspecified</pose><truncated>0</truncated><difficult>0</difficult><bndbox><xmin>5</xmin><ymin>4</ymin><xmax>441</xmax><ymax>778</ymax></bndbox></object><object><name>Bicycle</name><pose>Unspecified</pose><truncated>0</truncated><difficult>0</difficult><bndbox><xmin>514</xmin><ymin>255</ymin><xmax>667</xmax><ymax>527</ymax></bndbox></object></Annotation>