<Annotation><filename>2015_00140</filename><size><width>500</width><height>375</height><depth>3</depth></size><object><name>Bicycle</name><pose>Unspecified</pose><truncated>0</truncated><difficult>0</difficult><bndbox><xmin>183</xmin><ymin>175</ymin><xmax>322</xmax><ymax>289</ymax></bndbox></object><object><name>People</name><pose>Unspecified</pose><truncated>0</truncated><difficult>0</difficult><bndbox><xmin>222</xmin><ymin>102</ymin><xmax>278</xmax><ymax>243</ymax></bndbox></object></Annotation>