<Annotation><filename>2015_00276</filename><size><width>509</width><height>339</height><depth>3</depth></size><object><name>Bicycle</name><pose>Unspecified</pose><truncated>0</truncated><difficult>0</difficult><bndbox><xmin>34</xmin><ymin>195</ymin><xmax>127</xmax><ymax>330</ymax></bndbox></object><object><name>Bicycle</name><pose>Unspecified</pose><truncated>0</truncated><difficult>0</difficult><bndbox><xmin>73</xmin><ymin>172</ymin><xmax>94</xmax><ymax>203</ymax></bndbox></object><object><name>Boat</name><pose>Unspecified</pose><truncated>0</truncated><difficult>0</difficult><bndbox><xmin>184</xmin><ymin>167</ymin><xmax>323</xmax><ymax>208</ymax></bndbox></object><object><name>Boat</name><pose>Unspecified</pose><truncated>0</truncated><difficult>0</difficult><bndbox><xmin>320</xmin><ymin>183</ymin><xmax>507</xmax><ymax>220</ymax></bndbox></object><object><name>Car</name><pose>Unspecified</pose><truncated>0</truncated><difficult>0</difficult><bndbox><xmin>416</xmin><ymin>168</ymin><xmax>467</xmax><ymax>186</ymax></bndbox></object><object><name>Car</name><pose>Unspecified</pose><truncated>0</truncated><difficult>0</difficult><bndbox><xmin>369</xmin><ymin>168</ymin><xmax>408</xmax><ymax>185</ymax></bndbox></object><object><name>Car</name><pose>Unspecified</pose><truncated>0</truncated><difficult>0</difficult><bndbox><xmin>335</xmin><ymin>165</ymin><xmax>370</xmax><ymax>183</ymax></bndbox></object></Annotation>