<Annotation><filename>2015_00333</filename><size><width>640</width><height>426</height><depth>3</depth></size><object><name>Bicycle</name><pose>Unspecified</pose><truncated>0</truncated><difficult>0</difficult><bndbox><xmin>257</xmin><ymin>184</ymin><xmax>536</xmax><ymax>384</ymax></bndbox></object><object><name>People</name><pose>Unspecified</pose><truncated>0</truncated><difficult>0</difficult><bndbox><xmin>300</xmin><ymin>98</ymin><xmax>449</xmax><ymax>332</ymax></bndbox></object><object><name>People</name><pose>Unspecified</pose><truncated>0</truncated><difficult>0</difficult><bndbox><xmin>35</xmin><ymin>89</ymin><xmax>422</xmax><ymax>413</ymax></bndbox></object></Annotation>