<Annotation><filename>2015_00173</filename><size><width>360</width><height>640</height><depth>3</depth></size><object><name>Bicycle</name><pose>Unspecified</pose><truncated>0</truncated><difficult>0</difficult><bndbox><xmin>77</xmin><ymin>233</ymin><xmax>223</xmax><ymax>555</ymax></bndbox></object><object><name>People</name><pose>Unspecified</pose><truncated>0</truncated><difficult>0</difficult><bndbox><xmin>93</xmin><ymin>105</ymin><xmax>306</xmax><ymax>485</ymax></bndbox></object></Annotation>