<Annotation><filename>2015_00343</filename><size><width>600</width><height>800</height><depth>3</depth></size><object><name>Bicycle</name><pose>Unspecified</pose><truncated>0</truncated><difficult>0</difficult><bndbox><xmin>96</xmin><ymin>361</ymin><xmax>330</xmax><ymax>753</ymax></bndbox></object><object><name>People</name><pose>Unspecified</pose><truncated>0</truncated><difficult>0</difficult><bndbox><xmin>94</xmin><ymin>235</ymin><xmax>218</xmax><ymax>518</ymax></bndbox></object><object><name>People</name><pose>Unspecified</pose><truncated>0</truncated><difficult>0</difficult><bndbox><xmin>219</xmin><ymin>196</ymin><xmax>424</xmax><ymax>643</ymax></bndbox></object></Annotation>