<Annotation><filename>2015_00044</filename><size><width>414</width><height>414</height><depth>3</depth></size><object><name>Bicycle</name><pose>Unspecified</pose><truncated>0</truncated><difficult>0</difficult><bndbox><xmin>26</xmin><ymin>43</ymin><xmax>145</xmax><ymax>263</ymax></bndbox></object><object><name>Dog</name><pose>Unspecified</pose><truncated>0</truncated><difficult>0</difficult><bndbox><xmin>143</xmin><ymin>36</ymin><xmax>203</xmax><ymax>93</ymax></bndbox></object><object><name>People</name><pose>Unspecified</pose><truncated>0</truncated><difficult>0</difficult><bndbox><xmin>32</xmin><ymin>2</ymin><xmax>142</xmax><ymax>240</ymax></bndbox></object><object><name>People</name><pose>Unspecified</pose><truncated>0</truncated><difficult>0</difficult><bndbox><xmin>133</xmin><ymin>3</ymin><xmax>178</xmax><ymax>96</ymax></bndbox></object></Annotation>