<Annotation><filename>2015_00266</filename><size><width>428</width><height>640</height><depth>3</depth></size><object><name>Bicycle</name><pose>Unspecified</pose><truncated>0</truncated><difficult>0</difficult><bndbox><xmin>192</xmin><ymin>147</ymin><xmax>250</xmax><ymax>228</ymax></bndbox></object><object><name>Car</name><pose>Unspecified</pose><truncated>0</truncated><difficult>0</difficult><bndbox><xmin>219</xmin><ymin>114</ymin><xmax>255</xmax><ymax>147</ymax></bndbox></object><object><name>Car</name><pose>Unspecified</pose><truncated>0</truncated><difficult>0</difficult><bndbox><xmin>286</xmin><ymin>110</ymin><xmax>329</xmax><ymax>143</ymax></bndbox></object><object><name>Car</name><pose>Unspecified</pose><truncated>0</truncated><difficult>0</difficult><bndbox><xmin>315</xmin><ymin>113</ymin><xmax>372</xmax><ymax>156</ymax></bndbox></object></Annotation>