<Annotation><filename>2015_00088</filename><size><width>1024</width><height>768</height><depth>3</depth></size><object><name>Bicycle</name><pose>Unspecified</pose><truncated>0</truncated><difficult>0</difficult><bndbox><xmin>266</xmin><ymin>411</ymin><xmax>445</xmax><ymax>651</ymax></bndbox></object><object><name>Bicycle</name><pose>Unspecified</pose><truncated>0</truncated><difficult>0</difficult><bndbox><xmin>562</xmin><ymin>398</ymin><xmax>652</xmax><ymax>565</ymax></bndbox></object><object><name>Bicycle</name><pose>Unspecified</pose><truncated>0</truncated><difficult>0</difficult><bndbox><xmin>32</xmin><ymin>513</ymin><xmax>278</xmax><ymax>765</ymax></bndbox></object></Annotation>