<Annotation><filename>2015_00131</filename><size><width>640</width><height>480</height><depth>3</depth></size><object><name>Bicycle</name><pose>Unspecified</pose><truncated>0</truncated><difficult>0</difficult><bndbox><xmin>6</xmin><ymin>219</ymin><xmax>637</xmax><ymax>360</ymax></bndbox></object><object><name>People</name><pose>Unspecified</pose><truncated>0</truncated><difficult>0</difficult><bndbox><xmin>394</xmin><ymin>152</ymin><xmax>461</xmax><ymax>301</ymax></bndbox></object></Annotation>