<Annotation><filename>2015_00451</filename><size><width>3264</width><height>2448</height><depth>3</depth></size><object><name>Bicycle</name><pose>Unspecified</pose><truncated>0</truncated><difficult>0</difficult><bndbox><xmin>1097</xmin><ymin>859</ymin><xmax>1732</xmax><ymax>1731</ymax></bndbox></object><object><name>Car</name><pose>Unspecified</pose><truncated>0</truncated><difficult>0</difficult><bndbox><xmin>1277</xmin><ymin>804</ymin><xmax>2178</xmax><ymax>1213</ymax></bndbox></object><object><name>Car</name><pose>Unspecified</pose><truncated>0</truncated><difficult>0</difficult><bndbox><xmin>151</xmin><ymin>755</ymin><xmax>1575</xmax><ymax>1358</ymax></bndbox></object><object><name>Car</name><pose>Unspecified</pose><truncated>0</truncated><difficult>0</difficult><bndbox><xmin>1814</xmin><ymin>804</ymin><xmax>2434</xmax><ymax>1105</ymax></bndbox></object></Annotation>