<Annotation><filename>2015_00068</filename><size><width>640</width><height>427</height><depth>3</depth></size><object><name>Bicycle</name><pose>Unspecified</pose><truncated>0</truncated><difficult>0</difficult><bndbox><xmin>72</xmin><ymin>193</ymin><xmax>137</xmax><ymax>267</ymax></bndbox></object><object><name>Bicycle</name><pose>Unspecified</pose><truncated>0</truncated><difficult>0</difficult><bndbox><xmin>505</xmin><ymin>163</ymin><xmax>638</xmax><ymax>293</ymax></bndbox></object></Annotation>