<Annotation><filename>2015_00376</filename><size><width>500</width><height>325</height><depth>3</depth></size><object><name>Bicycle</name><pose>Unspecified</pose><truncated>0</truncated><difficult>0</difficult><bndbox><xmin>399</xmin><ymin>131</ymin><xmax>494</xmax><ymax>217</ymax></bndbox></object><object><name>People</name><pose>Unspecified</pose><truncated>0</truncated><difficult>0</difficult><bndbox><xmin>417</xmin><ymin>89</ymin><xmax>481</xmax><ymax>196</ymax></bndbox></object><object><name>Car</name><pose>Unspecified</pose><truncated>0</truncated><difficult>0</difficult><bndbox><xmin>217</xmin><ymin>123</ymin><xmax>251</xmax><ymax>144</ymax></bndbox></object><object><name>Car</name><pose>Unspecified</pose><truncated>0</truncated><difficult>0</difficult><bndbox><xmin>191</xmin><ymin>120</ymin><xmax>220</xmax><ymax>143</ymax></bndbox></object><object><name>Car</name><pose>Unspecified</pose><truncated>0</truncated><difficult>0</difficult><bndbox><xmin>323</xmin><ymin>128</ymin><xmax>406</xmax><ymax>164</ymax></bndbox></object></Annotation>