<Annotation><filename>2015_00248</filename><size><width>640</width><height>429</height><depth>3</depth></size><object><name>Bicycle</name><pose>Unspecified</pose><truncated>0</truncated><difficult>0</difficult><bndbox><xmin>216</xmin><ymin>155</ymin><xmax>561</xmax><ymax>371</ymax></bndbox></object><object><name>Bicycle</name><pose>Unspecified</pose><truncated>0</truncated><difficult>0</difficult><bndbox><xmin>2</xmin><ymin>160</ymin><xmax>225</xmax><ymax>357</ymax></bndbox></object></Annotation>