<Annotation><filename>2015_00462</filename><size><width>2048</width><height>1536</height><depth>3</depth></size><object><name>Bicycle</name><pose>Unspecified</pose><truncated>0</truncated><difficult>0</difficult><bndbox><xmin>1528</xmin><ymin>1075</ymin><xmax>1813</xmax><ymax>1516</ymax></bndbox></object><object><name>People</name><pose>Unspecified</pose><truncated>0</truncated><difficult>0</difficult><bndbox><xmin>1006</xmin><ymin>857</ymin><xmax>1152</xmax><ymax>961</ymax></bndbox></object><object><name>Car</name><pose>Unspecified</pose><truncated>0</truncated><difficult>0</difficult><bndbox><xmin>934</xmin><ymin>900</ymin><xmax>1151</xmax><ymax>1041</ymax></bndbox></object><object><name>Car</name><pose>Unspecified</pose><truncated>0</truncated><difficult>0</difficult><bndbox><xmin>1186</xmin><ymin>880</ymin><xmax>1297</xmax><ymax>971</ymax></bndbox></object><object><name>Car</name><pose>Unspecified</pose><truncated>0</truncated><difficult>0</difficult><bndbox><xmin>1330</xmin><ymin>887</ymin><xmax>1519</xmax><ymax>1030</ymax></bndbox></object><object><name>People</name><pose>Unspecified</pose><truncated>0</truncated><difficult>0</difficult><bndbox><xmin>1591</xmin><ymin>872</ymin><xmax>1650</xmax><ymax>970</ymax></bndbox></object><object><name>People</name><pose>Unspecified</pose><truncated>0</truncated><difficult>0</difficult><bndbox><xmin>1721</xmin><ymin>872</ymin><xmax>1769</xmax><ymax>968</ymax></bndbox></object><object><name>People</name><pose>Unspecified</pose><truncated>0</truncated><difficult>0</difficult><bndbox><xmin>1547</xmin><ymin>857</ymin><xmax>1804</xmax><ymax>1437</ymax></bndbox></object></Annotation>