<Annotation><filename>2015_00226</filename><size><width>500</width><height>375</height><depth>3</depth></size><object><name>Bicycle</name><pose>Unspecified</pose><truncated>0</truncated><difficult>0</difficult><bndbox><xmin>231</xmin><ymin>215</ymin><xmax>404</xmax><ymax>334</ymax></bndbox></object><object><name>People</name><pose>Unspecified</pose><truncated>0</truncated><difficult>0</difficult><bndbox><xmin>287</xmin><ymin>163</ymin><xmax>370</xmax><ymax>333</ymax></bndbox></object></Annotation>