<Annotation><filename>2015_00144</filename><size><width>500</width><height>375</height><depth>3</depth></size><object><name>Bicycle</name><pose>Unspecified</pose><truncated>0</truncated><difficult>0</difficult><bndbox><xmin>144</xmin><ymin>116</ymin><xmax>349</xmax><ymax>306</ymax></bndbox></object><object><name>People</name><pose>Unspecified</pose><truncated>0</truncated><difficult>0</difficult><bndbox><xmin>178</xmin><ymin>33</ymin><xmax>322</xmax><ymax>285</ymax></bndbox></object></Annotation>