<Annotation><filename>2015_00491</filename><size><width>384</width><height>340</height><depth>3</depth></size><object><name>Bicycle</name><pose>Unspecified</pose><truncated>0</truncated><difficult>0</difficult><bndbox><xmin>106</xmin><ymin>245</ymin><xmax>190</xmax><ymax>337</ymax></bndbox></object><object><name>Motorbike</name><pose>Unspecified</pose><truncated>0</truncated><difficult>0</difficult><bndbox><xmin>29</xmin><ymin>130</ymin><xmax>79</xmax><ymax>172</ymax></bndbox></object><object><name>Motorbike</name><pose>Unspecified</pose><truncated>0</truncated><difficult>0</difficult><bndbox><xmin>88</xmin><ymin>147</ymin><xmax>128</xmax><ymax>198</ymax></bndbox></object><object><name>Car</name><pose>Unspecified</pose><truncated>0</truncated><difficult>0</difficult><bndbox><xmin>83</xmin><ymin>111</ymin><xmax>148</xmax><ymax>151</ymax></bndbox></object></Annotation>