<Annotation><filename>2015_00041</filename><size><width>640</width><height>424</height><depth>3</depth></size><object><name>Bicycle</name><pose>Unspecified</pose><truncated>0</truncated><difficult>0</difficult><bndbox><xmin>98</xmin><ymin>9</ymin><xmax>374</xmax><ymax>161</ymax></bndbox></object><object><name>Bicycle</name><pose>Unspecified</pose><truncated>0</truncated><difficult>0</difficult><bndbox><xmin>156</xmin><ymin>166</ymin><xmax>604</xmax><ymax>376</ymax></bndbox></object></Annotation>