<Annotation><filename>2015_00453</filename><size><width>3264</width><height>2448</height><depth>3</depth></size><object><name>Bicycle</name><pose>Unspecified</pose><truncated>0</truncated><difficult>0</difficult><bndbox><xmin>1419</xmin><ymin>786</ymin><xmax>2057</xmax><ymax>1512</ymax></bndbox></object><object><name>Bicycle</name><pose>Unspecified</pose><truncated>0</truncated><difficult>0</difficult><bndbox><xmin>983</xmin><ymin>728</ymin><xmax>1631</xmax><ymax>1220</ymax></bndbox></object><object><name>Car</name><pose>Unspecified</pose><truncated>0</truncated><difficult>0</difficult><bndbox><xmin>1118</xmin><ymin>585</ymin><xmax>1343</xmax><ymax>796</ymax></bndbox></object><object><name>Car</name><pose>Unspecified</pose><truncated>0</truncated><difficult>0</difficult><bndbox><xmin>1551</xmin><ymin>616</ymin><xmax>1832</xmax><ymax>782</ymax></bndbox></object><object><name>Car</name><pose>Unspecified</pose><truncated>0</truncated><difficult>0</difficult><bndbox><xmin>1766</xmin><ymin>620</ymin><xmax>2092</xmax><ymax>824</ymax></bndbox></object><object><name>People</name><pose>Unspecified</pose><truncated>0</truncated><difficult>0</difficult><bndbox><xmin>2383</xmin><ymin>578</ymin><xmax>2487</xmax><ymax>803</ymax></bndbox></object><object><name>People</name><pose>Unspecified</pose><truncated>0</truncated><difficult>0</difficult><bndbox><xmin>2497</xmin><ymin>561</ymin><xmax>2594</xmax><ymax>814</ymax></bndbox></object></Annotation>