<Annotation><filename>2015_00310</filename><size><width>619</width><height>362</height><depth>3</depth></size><object><name>Bicycle</name><pose>Unspecified</pose><truncated>0</truncated><difficult>0</difficult><bndbox><xmin>310</xmin><ymin>63</ymin><xmax>552</xmax><ymax>264</ymax></bndbox></object><object><name>People</name><pose>Unspecified</pose><truncated>0</truncated><difficult>0</difficult><bndbox><xmin>313</xmin><ymin>75</ymin><xmax>352</xmax><ymax>176</ymax></bndbox></object><object><name>People</name><pose>Unspecified</pose><truncated>0</truncated><difficult>0</difficult><bndbox><xmin>255</xmin><ymin>68</ymin><xmax>299</xmax><ymax>187</ymax></bndbox></object><object><name>Dog</name><pose>Unspecified</pose><truncated>0</truncated><difficult>0</difficult><bndbox><xmin>134</xmin><ymin>129</ymin><xmax>164</xmax><ymax>170</ymax></bndbox></object></Annotation>