<Annotation><filename>2015_00188</filename><size><width>1024</width><height>683</height><depth>3</depth></size><object><name>Bicycle</name><pose>Unspecified</pose><truncated>0</truncated><difficult>0</difficult><bndbox><xmin>471</xmin><ymin>85</ymin><xmax>1022</xmax><ymax>653</ymax></bndbox></object><object><name>Motorbike</name><pose>Unspecified</pose><truncated>0</truncated><difficult>0</difficult><bndbox><xmin>78</xmin><ymin>77</ymin><xmax>401</xmax><ymax>493</ymax></bndbox></object></Annotation>