<Annotation><filename>2015_00258</filename><size><width>454</width><height>377</height><depth>3</depth></size><object><name>Bicycle</name><pose>Unspecified</pose><truncated>0</truncated><difficult>0</difficult><bndbox><xmin>199</xmin><ymin>270</ymin><xmax>256</xmax><ymax>353</ymax></bndbox></object><object><name>People</name><pose>Unspecified</pose><truncated>0</truncated><difficult>0</difficult><bndbox><xmin>197</xmin><ymin>225</ymin><xmax>254</xmax><ymax>332</ymax></bndbox></object></Annotation>