<Annotation><filename>2015_00399</filename><size><width>640</width><height>427</height><depth>3</depth></size><object><name>Bicycle</name><pose>Unspecified</pose><truncated>0</truncated><difficult>0</difficult><bndbox><xmin>308</xmin><ymin>292</ymin><xmax>346</xmax><ymax>335</ymax></bndbox></object><object><name>People</name><pose>Unspecified</pose><truncated>0</truncated><difficult>0</difficult><bndbox><xmin>317</xmin><ymin>263</ymin><xmax>341</xmax><ymax>330</ymax></bndbox></object></Annotation>