<Annotation><filename>2015_00197</filename><size><width>620</width><height>412</height><depth>3</depth></size><object><name>Bicycle</name><pose>Unspecified</pose><truncated>0</truncated><difficult>0</difficult><bndbox><xmin>197</xmin><ymin>44</ymin><xmax>441</xmax><ymax>194</ymax></bndbox></object><object><name>People</name><pose>Unspecified</pose><truncated>0</truncated><difficult>0</difficult><bndbox><xmin>226</xmin><ymin>10</ymin><xmax>425</xmax><ymax>165</ymax></bndbox></object></Annotation>