<Annotation><filename>2015_00028</filename><size><width>640</width><height>408</height><depth>3</depth></size><object><name>Bicycle</name><pose>Unspecified</pose><truncated>0</truncated><difficult>0</difficult><bndbox><xmin>75</xmin><ymin>239</ymin><xmax>190</xmax><ymax>389</ymax></bndbox></object><object><name>Bicycle</name><pose>Unspecified</pose><truncated>0</truncated><difficult>0</difficult><bndbox><xmin>194</xmin><ymin>237</ymin><xmax>257</xmax><ymax>334</ymax></bndbox></object><object><name>Bicycle</name><pose>Unspecified</pose><truncated>0</truncated><difficult>0</difficult><bndbox><xmin>258</xmin><ymin>220</ymin><xmax>320</xmax><ymax>297</ymax></bndbox></object><object><name>Car</name><pose>Unspecified</pose><truncated>0</truncated><difficult>0</difficult><bndbox><xmin>35</xmin><ymin>189</ymin><xmax>150</xmax><ymax>235</ymax></bndbox></object><object><name>Car</name><pose>Unspecified</pose><truncated>0</truncated><difficult>0</difficult><bndbox><xmin>218</xmin><ymin>180</ymin><xmax>313</xmax><ymax>235</ymax></bndbox></object><object><name>People</name><pose>Unspecified</pose><truncated>0</truncated><difficult>0</difficult><bndbox><xmin>337</xmin><ymin>174</ymin><xmax>363</xmax><ymax>231</ymax></bndbox></object><object><name>Bicycle</name><pose>Unspecified</pose><truncated>0</truncated><difficult>0</difficult><bndbox><xmin>336</xmin><ymin>214</ymin><xmax>365</xmax><ymax>261</ymax></bndbox></object><object><name>People</name><pose>Unspecified</pose><truncated>0</truncated><difficult>0</difficult><bndbox><xmin>350</xmin><ymin>176</ymin><xmax>382</xmax><ymax>258</ymax></bndbox></object><object><name>Car</name><pose>Unspecified</pose><truncated>0</truncated><difficult>0</difficult><bndbox><xmin>147</xmin><ymin>189</ymin><xmax>215</xmax><ymax>226</ymax></bndbox></object><object><name>Car</name><pose>Unspecified</pose><truncated>0</truncated><difficult>0</difficult><bndbox><xmin>2</xmin><ymin>192</ymin><xmax>73</xmax><ymax>257</ymax></bndbox></object></Annotation>