<Annotation><filename>2015_00355</filename><size><width>1024</width><height>678</height><depth>3</depth></size><object><name>Bicycle</name><pose>Unspecified</pose><truncated>0</truncated><difficult>0</difficult><bndbox><xmin>482</xmin><ymin>422</ymin><xmax>763</xmax><ymax>675</ymax></bndbox></object><object><name>Bicycle</name><pose>Unspecified</pose><truncated>0</truncated><difficult>0</difficult><bndbox><xmin>784</xmin><ymin>385</ymin><xmax>930</xmax><ymax>569</ymax></bndbox></object><object><name>Bicycle</name><pose>Unspecified</pose><truncated>0</truncated><difficult>0</difficult><bndbox><xmin>915</xmin><ymin>374</ymin><xmax>1023</xmax><ymax>535</ymax></bndbox></object></Annotation>