<Annotation><filename>2015_00484</filename><size><width>900</width><height>599</height><depth>3</depth></size><object><name>Bicycle</name><pose>Unspecified</pose><truncated>0</truncated><difficult>0</difficult><bndbox><xmin>157</xmin><ymin>361</ymin><xmax>314</xmax><ymax>502</ymax></bndbox></object><object><name>People</name><pose>Unspecified</pose><truncated>0</truncated><difficult>0</difficult><bndbox><xmin>787</xmin><ymin>307</ymin><xmax>847</xmax><ymax>454</ymax></bndbox></object></Annotation>