<Annotation><filename>2015_00014</filename><size><width>767</width><height>536</height><depth>3</depth></size><object><name>Bicycle</name><pose>Unspecified</pose><truncated>0</truncated><difficult>0</difficult><bndbox><xmin>378</xmin><ymin>184</ymin><xmax>760</xmax><ymax>455</ymax></bndbox></object><object><name>People</name><pose>Unspecified</pose><truncated>0</truncated><difficult>0</difficult><bndbox><xmin>38</xmin><ymin>259</ymin><xmax>313</xmax><ymax>418</ymax></bndbox></object><object><name>People</name><pose>Unspecified</pose><truncated>0</truncated><difficult>0</difficult><bndbox><xmin>36</xmin><ymin>242</ymin><xmax>252</xmax><ymax>498</ymax></bndbox></object></Annotation>