<Annotation><filename>2015_00476</filename><size><width>1280</width><height>960</height><depth>3</depth></size><object><name>Bicycle</name><pose>Unspecified</pose><truncated>0</truncated><difficult>0</difficult><bndbox><xmin>285</xmin><ymin>476</ymin><xmax>1031</xmax><ymax>894</ymax></bndbox></object><object><name>People</name><pose>Unspecified</pose><truncated>0</truncated><difficult>0</difficult><bndbox><xmin>341</xmin><ymin>257</ymin><xmax>644</xmax><ymax>821</ymax></bndbox></object><object><name>People</name><pose>Unspecified</pose><truncated>0</truncated><difficult>0</difficult><bndbox><xmin>647</xmin><ymin>226</ymin><xmax>943</xmax><ymax>859</ymax></bndbox></object><object><name>Bicycle</name><pose>Unspecified</pose><truncated>0</truncated><difficult>0</difficult><bndbox><xmin>11</xmin><ymin>621</ymin><xmax>194</xmax><ymax>787</ymax></bndbox></object></Annotation>