<Annotation><filename>2015_00004</filename><size><width>640</width><height>360</height><depth>3</depth></size><object><name>Bicycle</name><pose>Unspecified</pose><truncated>0</truncated><difficult>0</difficult><bndbox><xmin>279</xmin><ymin>121</ymin><xmax>485</xmax><ymax>266</ymax></bndbox></object><object><name>Bicycle</name><pose>Unspecified</pose><truncated>0</truncated><difficult>0</difficult><bndbox><xmin>109</xmin><ymin>142</ymin><xmax>300</xmax><ymax>353</ymax></bndbox></object></Annotation>