<Annotation><filename>2015_00353</filename><size><width>640</width><height>424</height><depth>3</depth></size><object><name>Bicycle</name><pose>Unspecified</pose><truncated>0</truncated><difficult>0</difficult><bndbox><xmin>236</xmin><ymin>191</ymin><xmax>569</xmax><ymax>399</ymax></bndbox></object><object><name>Bicycle</name><pose>Unspecified</pose><truncated>0</truncated><difficult>0</difficult><bndbox><xmin>36</xmin><ymin>206</ymin><xmax>91</xmax><ymax>253</ymax></bndbox></object><object><name>Car</name><pose>Unspecified</pose><truncated>0</truncated><difficult>0</difficult><bndbox><xmin>174</xmin><ymin>187</ymin><xmax>246</xmax><ymax>237</ymax></bndbox></object></Annotation>