<Annotation><filename>2015_00386</filename><size><width>640</width><height>427</height><depth>3</depth></size><object><name>Bicycle</name><pose>Unspecified</pose><truncated>0</truncated><difficult>0</difficult><bndbox><xmin>428</xmin><ymin>270</ymin><xmax>491</xmax><ymax>370</ymax></bndbox></object><object><name>Chair</name><pose>Unspecified</pose><truncated>0</truncated><difficult>0</difficult><bndbox><xmin>246</xmin><ymin>288</ymin><xmax>408</xmax><ymax>366</ymax></bndbox></object><object><name>People</name><pose>Unspecified</pose><truncated>0</truncated><difficult>0</difficult><bndbox><xmin>348</xmin><ymin>260</ymin><xmax>400</xmax><ymax>355</ymax></bndbox></object></Annotation>