<Annotation><filename>2015_00039</filename><size><width>338</width><height>508</height><depth>3</depth></size><object><name>Bicycle</name><pose>Unspecified</pose><truncated>0</truncated><difficult>0</difficult><bndbox><xmin>88</xmin><ymin>349</ymin><xmax>257</xmax><ymax>446</ymax></bndbox></object><object><name>People</name><pose>Unspecified</pose><truncated>0</truncated><difficult>0</difficult><bndbox><xmin>311</xmin><ymin>351</ymin><xmax>326</xmax><ymax>381</ymax></bndbox></object></Annotation>