<Annotation><filename>2015_00136</filename><size><width>857</width><height>639</height><depth>3</depth></size><object><name>Bicycle</name><pose>Unspecified</pose><truncated>0</truncated><difficult>0</difficult><bndbox><xmin>161</xmin><ymin>366</ymin><xmax>366</xmax><ymax>510</ymax></bndbox></object><object><name>Bicycle</name><pose>Unspecified</pose><truncated>0</truncated><difficult>0</difficult><bndbox><xmin>514</xmin><ymin>236</ymin><xmax>856</xmax><ymax>634</ymax></bndbox></object><object><name>People</name><pose>Unspecified</pose><truncated>0</truncated><difficult>0</difficult><bndbox><xmin>240</xmin><ymin>298</ymin><xmax>291</xmax><ymax>495</ymax></bndbox></object><object><name>People</name><pose>Unspecified</pose><truncated>0</truncated><difficult>0</difficult><bndbox><xmin>591</xmin><ymin>18</ymin><xmax>772</xmax><ymax>635</ymax></bndbox></object></Annotation>