<Annotation><filename>2015_00241</filename><size><width>1024</width><height>685</height><depth>3</depth></size><object><name>Bicycle</name><pose>Unspecified</pose><truncated>0</truncated><difficult>0</difficult><bndbox><xmin>248</xmin><ymin>172</ymin><xmax>628</xmax><ymax>456</ymax></bndbox></object><object><name>Table</name><pose>Unspecified</pose><truncated>0</truncated><difficult>0</difficult><bndbox><xmin>141</xmin><ymin>534</ymin><xmax>458</xmax><ymax>676</ymax></bndbox></object></Annotation>