<Annotation><filename>2015_00121</filename><size><width>480</width><height>357</height><depth>3</depth></size><object><name>Bicycle</name><pose>Unspecified</pose><truncated>0</truncated><difficult>0</difficult><bndbox><xmin>67</xmin><ymin>199</ymin><xmax>286</xmax><ymax>346</ymax></bndbox></object><object><name>People</name><pose>Unspecified</pose><truncated>0</truncated><difficult>0</difficult><bndbox><xmin>81</xmin><ymin>117</ymin><xmax>227</xmax><ymax>315</ymax></bndbox></object></Annotation>