<Annotation><filename>2015_00229</filename><size><width>1000</width><height>1002</height><depth>3</depth></size><object><name>Bicycle</name><pose>Unspecified</pose><truncated>0</truncated><difficult>0</difficult><bndbox><xmin>27</xmin><ymin>468</ymin><xmax>289</xmax><ymax>829</ymax></bndbox></object><object><name>People</name><pose>Unspecified</pose><truncated>0</truncated><difficult>0</difficult><bndbox><xmin>617</xmin><ymin>608</ymin><xmax>700</xmax><ymax>743</ymax></bndbox></object></Annotation>