<Annotation><filename>2015_00251</filename><size><width>640</width><height>380</height><depth>3</depth></size><object><name>Bicycle</name><pose>Unspecified</pose><truncated>0</truncated><difficult>0</difficult><bndbox><xmin>132</xmin><ymin>120</ymin><xmax>451</xmax><ymax>346</ymax></bndbox></object><object><name>Bicycle</name><pose>Unspecified</pose><truncated>0</truncated><difficult>0</difficult><bndbox><xmin>314</xmin><ymin>138</ymin><xmax>604</xmax><ymax>335</ymax></bndbox></object></Annotation>