<Annotation><filename>2015_00461</filename><size><width>1024</width><height>768</height><depth>3</depth></size><object><name>Bicycle</name><pose>Unspecified</pose><truncated>0</truncated><difficult>0</difficult><bndbox><xmin>246</xmin><ymin>512</ymin><xmax>459</xmax><ymax>656</ymax></bndbox></object><object><name>Car</name><pose>Unspecified</pose><truncated>0</truncated><difficult>0</difficult><bndbox><xmin>587</xmin><ymin>492</ymin><xmax>623</xmax><ymax>524</ymax></bndbox></object><object><name>People</name><pose>Unspecified</pose><truncated>0</truncated><difficult>0</difficult><bndbox><xmin>315</xmin><ymin>469</ymin><xmax>406</xmax><ymax>635</ymax></bndbox></object></Annotation>