<Annotation><filename>2015_00166</filename><size><width>1024</width><height>683</height><depth>3</depth></size><object><name>Bicycle</name><pose>Unspecified</pose><truncated>0</truncated><difficult>0</difficult><bndbox><xmin>547</xmin><ymin>401</ymin><xmax>838</xmax><ymax>586</ymax></bndbox></object><object><name>People</name><pose>Unspecified</pose><truncated>0</truncated><difficult>0</difficult><bndbox><xmin>624</xmin><ymin>302</ymin><xmax>773</xmax><ymax>532</ymax></bndbox></object></Annotation>