<Annotation><filename>2015_00034</filename><size><width>306</width><height>306</height><depth>3</depth></size><object><name>Bicycle</name><pose>Unspecified</pose><truncated>0</truncated><difficult>0</difficult><bndbox><xmin>150</xmin><ymin>126</ymin><xmax>291</xmax><ymax>304</ymax></bndbox></object><object><name>People</name><pose>Unspecified</pose><truncated>0</truncated><difficult>0</difficult><bndbox><xmin>153</xmin><ymin>16</ymin><xmax>303</xmax><ymax>266</ymax></bndbox></object></Annotation>