<Annotation><filename>2015_00412</filename><size><width>480</width><height>640</height><depth>3</depth></size><object><name>Bicycle</name><pose>Unspecified</pose><truncated>0</truncated><difficult>0</difficult><bndbox><xmin>73</xmin><ymin>301</ymin><xmax>345</xmax><ymax>604</ymax></bndbox></object><object><name>People</name><pose>Unspecified</pose><truncated>0</truncated><difficult>0</difficult><bndbox><xmin>171</xmin><ymin>162</ymin><xmax>194</xmax><ymax>205</ymax></bndbox></object><object><name>People</name><pose>Unspecified</pose><truncated>0</truncated><difficult>0</difficult><bndbox><xmin>464</xmin><ymin>141</ymin><xmax>477</xmax><ymax>174</ymax></bndbox></object></Annotation>