<Annotation><filename>2015_00080</filename><size><width>513</width><height>334</height><depth>3</depth></size><object><name>Bicycle</name><pose>Unspecified</pose><truncated>0</truncated><difficult>0</difficult><bndbox><xmin>72</xmin><ymin>155</ymin><xmax>220</xmax><ymax>315</ymax></bndbox></object><object><name>People</name><pose>Unspecified</pose><truncated>0</truncated><difficult>0</difficult><bndbox><xmin>125</xmin><ymin>77</ymin><xmax>214</xmax><ymax>278</ymax></bndbox></object><object><name>People</name><pose>Unspecified</pose><truncated>0</truncated><difficult>0</difficult><bndbox><xmin>258</xmin><ymin>56</ymin><xmax>326</xmax><ymax>138</ymax></bndbox></object></Annotation>