<Annotation><filename>2015_00467</filename><size><width>1600</width><height>1119</height><depth>3</depth></size><object><name>Bicycle</name><pose>Unspecified</pose><truncated>0</truncated><difficult>0</difficult><bndbox><xmin>873</xmin><ymin>515</ymin><xmax>1363</xmax><ymax>940</ymax></bndbox></object><object><name>Bicycle</name><pose>Unspecified</pose><truncated>0</truncated><difficult>0</difficult><bndbox><xmin>148</xmin><ymin>537</ymin><xmax>823</xmax><ymax>1089</ymax></bndbox></object><object><name>People</name><pose>Unspecified</pose><truncated>0</truncated><difficult>0</difficult><bndbox><xmin>81</xmin><ymin>119</ymin><xmax>458</xmax><ymax>1041</ymax></bndbox></object><object><name>People</name><pose>Unspecified</pose><truncated>0</truncated><difficult>0</difficult><bndbox><xmin>1100</xmin><ymin>247</ymin><xmax>1336</xmax><ymax>921</ymax></bndbox></object></Annotation>