<Annotation><filename>2015_00425</filename><size><width>640</width><height>442</height><depth>3</depth></size><object><name>Bicycle</name><pose>Unspecified</pose><truncated>0</truncated><difficult>0</difficult><bndbox><xmin>61</xmin><ymin>297</ymin><xmax>144</xmax><ymax>399</ymax></bndbox></object><object><name>People</name><pose>Unspecified</pose><truncated>0</truncated><difficult>0</difficult><bndbox><xmin>231</xmin><ymin>262</ymin><xmax>286</xmax><ymax>370</ymax></bndbox></object></Annotation>