<Annotation><filename>2015_00328</filename><size><width>427</width><height>640</height><depth>3</depth></size><object><name>Bicycle</name><pose>Unspecified</pose><truncated>0</truncated><difficult>0</difficult><bndbox><xmin>10</xmin><ymin>85</ymin><xmax>340</xmax><ymax>459</ymax></bndbox></object><object><name>People</name><pose>Unspecified</pose><truncated>0</truncated><difficult>0</difficult><bndbox><xmin>376</xmin><ymin>51</ymin><xmax>423</xmax><ymax>225</ymax></bndbox></object><object><name>People</name><pose>Unspecified</pose><truncated>0</truncated><difficult>0</difficult><bndbox><xmin>315</xmin><ymin>67</ymin><xmax>378</xmax><ymax>225</ymax></bndbox></object></Annotation>