<Annotation><filename>2015_00097</filename><size><width>427</width><height>640</height><depth>3</depth></size><object><name>Bicycle</name><pose>Unspecified</pose><truncated>0</truncated><difficult>0</difficult><bndbox><xmin>28</xmin><ymin>470</ymin><xmax>200</xmax><ymax>594</ymax></bndbox></object><object><name>Bicycle</name><pose>Unspecified</pose><truncated>0</truncated><difficult>0</difficult><bndbox><xmin>208</xmin><ymin>473</ymin><xmax>404</xmax><ymax>606</ymax></bndbox></object></Annotation>