<Annotation><filename>2015_00204</filename><size><width>1024</width><height>685</height><depth>3</depth></size><object><name>Bicycle</name><pose>Unspecified</pose><truncated>0</truncated><difficult>0</difficult><bndbox><xmin>49</xmin><ymin>270</ymin><xmax>407</xmax><ymax>441</ymax></bndbox></object><object><name>Bottle</name><pose>Unspecified</pose><truncated>0</truncated><difficult>0</difficult><bndbox><xmin>600</xmin><ymin>420</ymin><xmax>635</xmax><ymax>504</ymax></bndbox></object></Annotation>