<Annotation><filename>2015_00150</filename><size><width>640</width><height>489</height><depth>3</depth></size><object><name>Bicycle</name><pose>Unspecified</pose><truncated>0</truncated><difficult>0</difficult><bndbox><xmin>61</xmin><ymin>273</ymin><xmax>381</xmax><ymax>482</ymax></bndbox></object><object><name>Bicycle</name><pose>Unspecified</pose><truncated>0</truncated><difficult>0</difficult><bndbox><xmin>406</xmin><ymin>277</ymin><xmax>590</xmax><ymax>426</ymax></bndbox></object></Annotation>