<Annotation><filename>2015_00260</filename><size><width>1024</width><height>575</height><depth>3</depth></size><object><name>Bicycle</name><pose>Unspecified</pose><truncated>0</truncated><difficult>0</difficult><bndbox><xmin>773</xmin><ymin>358</ymin><xmax>992</xmax><ymax>533</ymax></bndbox></object><object><name>Bicycle</name><pose>Unspecified</pose><truncated>0</truncated><difficult>0</difficult><bndbox><xmin>236</xmin><ymin>355</ymin><xmax>356</xmax><ymax>443</ymax></bndbox></object></Annotation>