<Annotation><filename>2015_00038</filename><size><width>640</width><height>427</height><depth>3</depth></size><object><name>Bicycle</name><pose>Unspecified</pose><truncated>0</truncated><difficult>0</difficult><bndbox><xmin>175</xmin><ymin>254</ymin><xmax>364</xmax><ymax>369</ymax></bndbox></object><object><name>People</name><pose>Unspecified</pose><truncated>0</truncated><difficult>0</difficult><bndbox><xmin>97</xmin><ymin>183</ymin><xmax>171</xmax><ymax>381</ymax></bndbox></object></Annotation>