<Annotation><filename>2015_00447</filename><size><width>1024</width><height>768</height><depth>3</depth></size><object><name>Bicycle</name><pose>Unspecified</pose><truncated>0</truncated><difficult>0</difficult><bndbox><xmin>190</xmin><ymin>221</ymin><xmax>522</xmax><ymax>568</ymax></bndbox></object><object><name>People</name><pose>Unspecified</pose><truncated>0</truncated><difficult>0</difficult><bndbox><xmin>571</xmin><ymin>357</ymin><xmax>849</xmax><ymax>574</ymax></bndbox></object></Annotation>