<Annotation><filename>2015_00145</filename><size><width>500</width><height>333</height><depth>3</depth></size><object><name>Bicycle</name><pose>Unspecified</pose><truncated>0</truncated><difficult>0</difficult><bndbox><xmin>217</xmin><ymin>204</ymin><xmax>350</xmax><ymax>289</ymax></bndbox></object><object><name>People</name><pose>Unspecified</pose><truncated>0</truncated><difficult>0</difficult><bndbox><xmin>251</xmin><ymin>171</ymin><xmax>320</xmax><ymax>283</ymax></bndbox></object></Annotation>