<Annotation><filename>2015_00348</filename><size><width>427</width><height>640</height><depth>3</depth></size><object><name>Bicycle</name><pose>Unspecified</pose><truncated>0</truncated><difficult>0</difficult><bndbox><xmin>75</xmin><ymin>258</ymin><xmax>230</xmax><ymax>490</ymax></bndbox></object><object><name>Bicycle</name><pose>Unspecified</pose><truncated>0</truncated><difficult>0</difficult><bndbox><xmin>26</xmin><ymin>262</ymin><xmax>92</xmax><ymax>347</ymax></bndbox></object><object><name>Chair</name><pose>Unspecified</pose><truncated>0</truncated><difficult>0</difficult><bndbox><xmin>168</xmin><ymin>312</ymin><xmax>404</xmax><ymax>547</ymax></bndbox></object></Annotation>