<Annotation><filename>2015_00190</filename><size><width>1024</width><height>683</height><depth>3</depth></size><object><name>Bicycle</name><pose>Unspecified</pose><truncated>0</truncated><difficult>0</difficult><bndbox><xmin>5</xmin><ymin>418</ymin><xmax>412</xmax><ymax>675</ymax></bndbox></object><object><name>Table</name><pose>Unspecified</pose><truncated>0</truncated><difficult>0</difficult><bndbox><xmin>853</xmin><ymin>431</ymin><xmax>977</xmax><ymax>583</ymax></bndbox></object><object><name>People</name><pose>Unspecified</pose><truncated>0</truncated><difficult>0</difficult><bndbox><xmin>254</xmin><ymin>332</ymin><xmax>316</xmax><ymax>522</ymax></bndbox></object><object><name>People</name><pose>Unspecified</pose><truncated>0</truncated><difficult>0</difficult><bndbox><xmin>422</xmin><ymin>348</ymin><xmax>474</xmax><ymax>515</ymax></bndbox></object><object><name>People</name><pose>Unspecified</pose><truncated>0</truncated><difficult>0</difficult><bndbox><xmin>354</xmin><ymin>336</ymin><xmax>422</xmax><ymax>516</ymax></bndbox></object><object><name>People</name><pose>Unspecified</pose><truncated>0</truncated><difficult>0</difficult><bndbox><xmin>513</xmin><ymin>340</ymin><xmax>579</xmax><ymax>536</ymax></bndbox></object><object><name>People</name><pose>Unspecified</pose><truncated>0</truncated><difficult>0</difficult><bndbox><xmin>464</xmin><ymin>325</ymin><xmax>547</xmax><ymax>543</ymax></bndbox></object><object><name>People</name><pose>Unspecified</pose><truncated>0</truncated><difficult>0</difficult><bndbox><xmin>561</xmin><ymin>324</ymin><xmax>629</xmax><ymax>560</ymax></bndbox></object><object><name>People</name><pose>Unspecified</pose><truncated>0</truncated><difficult>0</difficult><bndbox><xmin>605</xmin><ymin>314</ymin><xmax>682</xmax><ymax>553</ymax></bndbox></object><object><name>People</name><pose>Unspecified</pose><truncated>0</truncated><difficult>0</difficult><bndbox><xmin>661</xmin><ymin>318</ymin><xmax>728</xmax><ymax>547</ymax></bndbox></object><object><name>People</name><pose>Unspecified</pose><truncated>0</truncated><difficult>0</difficult><bndbox><xmin>704</xmin><ymin>338</ymin><xmax>778</xmax><ymax>552</ymax></bndbox></object><object><name>People</name><pose>Unspecified</pose><truncated>0</truncated><difficult>0</difficult><bndbox><xmin>778</xmin><ymin>318</ymin><xmax>864</xmax><ymax>576</ymax></bndbox></object><object><name>People</name><pose>Unspecified</pose><truncated>0</truncated><difficult>0</difficult><bndbox><xmin>909</xmin><ymin>183</ymin><xmax>1022</xmax><ymax>675</ymax></bndbox></object></Annotation>