<Annotation><filename>2015_00448</filename><size><width>1024</width><height>768</height><depth>3</depth></size><object><name>Bicycle</name><pose>Unspecified</pose><truncated>0</truncated><difficult>0</difficult><bndbox><xmin>166</xmin><ymin>364</ymin><xmax>539</xmax><ymax>700</ymax></bndbox></object><object><name>People</name><pose>Unspecified</pose><truncated>0</truncated><difficult>0</difficult><bndbox><xmin>440</xmin><ymin>186</ymin><xmax>711</xmax><ymax>743</ymax></bndbox></object></Annotation>