<Annotation><filename>2015_00129</filename><size><width>639</width><height>407</height><depth>3</depth></size><object><name>Bicycle</name><pose>Unspecified</pose><truncated>0</truncated><difficult>0</difficult><bndbox><xmin>415</xmin><ymin>241</ymin><xmax>486</xmax><ymax>381</ymax></bndbox></object><object><name>People</name><pose>Unspecified</pose><truncated>0</truncated><difficult>0</difficult><bndbox><xmin>409</xmin><ymin>217</ymin><xmax>484</xmax><ymax>347</ymax></bndbox></object><object><name>Car</name><pose>Unspecified</pose><truncated>0</truncated><difficult>0</difficult><bndbox><xmin>555</xmin><ymin>205</ymin><xmax>636</xmax><ymax>286</ymax></bndbox></object></Annotation>