<Annotation><filename>2015_00203</filename><size><width>1024</width><height>685</height><depth>3</depth></size><object><name>Bicycle</name><pose>Unspecified</pose><truncated>0</truncated><difficult>0</difficult><bndbox><xmin>287</xmin><ymin>305</ymin><xmax>663</xmax><ymax>522</ymax></bndbox></object><object><name>Car</name><pose>Unspecified</pose><truncated>0</truncated><difficult>0</difficult><bndbox><xmin>608</xmin><ymin>282</ymin><xmax>1021</xmax><ymax>444</ymax></bndbox></object><object><name>People</name><pose>Unspecified</pose><truncated>0</truncated><difficult>0</difficult><bndbox><xmin>370</xmin><ymin>182</ymin><xmax>496</xmax><ymax>458</ymax></bndbox></object><object><name>People</name><pose>Unspecified</pose><truncated>0</truncated><difficult>0</difficult><bndbox><xmin>427</xmin><ymin>213</ymin><xmax>613</xmax><ymax>520</ymax></bndbox></object></Annotation>