<Annotation><filename>2015_00346</filename><size><width>640</width><height>427</height><depth>3</depth></size><object><name>Bicycle</name><pose>Unspecified</pose><truncated>0</truncated><difficult>0</difficult><bndbox><xmin>96</xmin><ymin>192</ymin><xmax>334</xmax><ymax>406</ymax></bndbox></object><object><name>Bicycle</name><pose>Unspecified</pose><truncated>0</truncated><difficult>0</difficult><bndbox><xmin>4</xmin><ymin>222</ymin><xmax>113</xmax><ymax>394</ymax></bndbox></object></Annotation>