<Annotation><filename>2015_00065</filename><size><width>1600</width><height>1063</height><depth>3</depth></size><object><name>Bicycle</name><pose>Unspecified</pose><truncated>0</truncated><difficult>0</difficult><bndbox><xmin>556</xmin><ymin>748</ymin><xmax>865</xmax><ymax>990</ymax></bndbox></object><object><name>Bicycle</name><pose>Unspecified</pose><truncated>0</truncated><difficult>0</difficult><bndbox><xmin>1005</xmin><ymin>768</ymin><xmax>1385</xmax><ymax>1017</ymax></bndbox></object><object><name>People</name><pose>Unspecified</pose><truncated>0</truncated><difficult>0</difficult><bndbox><xmin>812</xmin><ymin>618</ymin><xmax>866</xmax><ymax>744</ymax></bndbox></object><object><name>Chair</name><pose>Unspecified</pose><truncated>0</truncated><difficult>0</difficult><bndbox><xmin>638</xmin><ymin>674</ymin><xmax>684</xmax><ymax>744</ymax></bndbox></object><object><name>Chair</name><pose>Unspecified</pose><truncated>0</truncated><difficult>0</difficult><bndbox><xmin>698</xmin><ymin>674</ymin><xmax>739</xmax><ymax>740</ymax></bndbox></object><object><name>Chair</name><pose>Unspecified</pose><truncated>0</truncated><difficult>0</difficult><bndbox><xmin>947</xmin><ymin>676</ymin><xmax>995</xmax><ymax>744</ymax></bndbox></object><object><name>Car</name><pose>Unspecified</pose><truncated>0</truncated><difficult>0</difficult><bndbox><xmin>10</xmin><ymin>652</ymin><xmax>277</xmax><ymax>798</ymax></bndbox></object></Annotation>