<Annotation><filename>2015_00170</filename><size><width>640</width><height>480</height><depth>3</depth></size><object><name>Bicycle</name><pose>Unspecified</pose><truncated>0</truncated><difficult>0</difficult><bndbox><xmin>151</xmin><ymin>262</ymin><xmax>395</xmax><ymax>362</ymax></bndbox></object><object><name>Bicycle</name><pose>Unspecified</pose><truncated>0</truncated><difficult>0</difficult><bndbox><xmin>293</xmin><ymin>256</ymin><xmax>628</xmax><ymax>415</ymax></bndbox></object></Annotation>