<Annotation><filename>2015_00282</filename><size><width>507</width><height>338</height><depth>3</depth></size><object><name>Bicycle</name><pose>Unspecified</pose><truncated>0</truncated><difficult>0</difficult><bndbox><xmin>273</xmin><ymin>164</ymin><xmax>413</xmax><ymax>296</ymax></bndbox></object><object><name>People</name><pose>Unspecified</pose><truncated>0</truncated><difficult>0</difficult><bndbox><xmin>274</xmin><ymin>101</ymin><xmax>381</xmax><ymax>255</ymax></bndbox></object></Annotation>