<Annotation><filename>2015_00300</filename><size><width>481</width><height>640</height><depth>3</depth></size><object><name>Bicycle</name><pose>Unspecified</pose><truncated>0</truncated><difficult>0</difficult><bndbox><xmin>7</xmin><ymin>388</ymin><xmax>472</xmax><ymax>634</ymax></bndbox></object><object><name>Car</name><pose>Unspecified</pose><truncated>0</truncated><difficult>0</difficult><bndbox><xmin>291</xmin><ymin>376</ymin><xmax>356</xmax><ymax>417</ymax></bndbox></object><object><name>Car</name><pose>Unspecified</pose><truncated>0</truncated><difficult>0</difficult><bndbox><xmin>202</xmin><ymin>373</ymin><xmax>270</xmax><ymax>428</ymax></bndbox></object></Annotation>