<Annotation><filename>2015_00223</filename><size><width>507</width><height>338</height><depth>3</depth></size><object><name>Bicycle</name><pose>Unspecified</pose><truncated>0</truncated><difficult>0</difficult><bndbox><xmin>283</xmin><ymin>163</ymin><xmax>376</xmax><ymax>290</ymax></bndbox></object><object><name>People</name><pose>Unspecified</pose><truncated>0</truncated><difficult>0</difficult><bndbox><xmin>281</xmin><ymin>95</ymin><xmax>355</xmax><ymax>277</ymax></bndbox></object></Annotation>