<Annotation><filename>2015_00174</filename><size><width>640</width><height>427</height><depth>3</depth></size><object><name>Bicycle</name><pose>Unspecified</pose><truncated>0</truncated><difficult>0</difficult><bndbox><xmin>422</xmin><ymin>166</ymin><xmax>602</xmax><ymax>359</ymax></bndbox></object><object><name>Bicycle</name><pose>Unspecified</pose><truncated>0</truncated><difficult>0</difficult><bndbox><xmin>297</xmin><ymin>162</ymin><xmax>465</xmax><ymax>293</ymax></bndbox></object></Annotation>