<Annotation><filename>2015_00456</filename><size><width>2448</width><height>2448</height><depth>3</depth></size><object><name>Bicycle</name><pose>Unspecified</pose><truncated>0</truncated><difficult>0</difficult><bndbox><xmin>1405</xmin><ymin>655</ymin><xmax>1929</xmax><ymax>1570</ymax></bndbox></object><object><name>People</name><pose>Unspecified</pose><truncated>0</truncated><difficult>0</difficult><bndbox><xmin>457</xmin><ymin>438</ymin><xmax>574</xmax><ymax>721</ymax></bndbox></object><object><name>People</name><pose>Unspecified</pose><truncated>0</truncated><difficult>0</difficult><bndbox><xmin>150</xmin><ymin>483</ymin><xmax>249</xmax><ymax>795</ymax></bndbox></object></Annotation>