<Annotation><filename>2015_00479</filename><size><width>900</width><height>720</height><depth>3</depth></size><object><name>Bicycle</name><pose>Unspecified</pose><truncated>0</truncated><difficult>0</difficult><bndbox><xmin>281</xmin><ymin>234</ymin><xmax>782</xmax><ymax>624</ymax></bndbox></object><object><name>Car</name><pose>Unspecified</pose><truncated>0</truncated><difficult>0</difficult><bndbox><xmin>7</xmin><ymin>278</ymin><xmax>179</xmax><ymax>385</ymax></bndbox></object><object><name>Car</name><pose>Unspecified</pose><truncated>0</truncated><difficult>0</difficult><bndbox><xmin>164</xmin><ymin>291</ymin><xmax>317</xmax><ymax>410</ymax></bndbox></object><object><name>Car</name><pose>Unspecified</pose><truncated>0</truncated><difficult>0</difficult><bndbox><xmin>268</xmin><ymin>291</ymin><xmax>557</xmax><ymax>423</ymax></bndbox></object></Annotation>