<Annotation><filename>2015_00118</filename><size><width>338</width><height>507</height><depth>3</depth></size><object><name>Bicycle</name><pose>Unspecified</pose><truncated>0</truncated><difficult>0</difficult><bndbox><xmin>134</xmin><ymin>262</ymin><xmax>274</xmax><ymax>469</ymax></bndbox></object><object><name>Bicycle</name><pose>Unspecified</pose><truncated>0</truncated><difficult>0</difficult><bndbox><xmin>39</xmin><ymin>245</ymin><xmax>65</xmax><ymax>287</ymax></bndbox></object><object><name>Car</name><pose>Unspecified</pose><truncated>0</truncated><difficult>0</difficult><bndbox><xmin>80</xmin><ymin>227</ymin><xmax>155</xmax><ymax>253</ymax></bndbox></object><object><name>Car</name><pose>Unspecified</pose><truncated>0</truncated><difficult>0</difficult><bndbox><xmin>146</xmin><ymin>227</ymin><xmax>202</xmax><ymax>263</ymax></bndbox></object><object><name>Car</name><pose>Unspecified</pose><truncated>0</truncated><difficult>0</difficult><bndbox><xmin>244</xmin><ymin>225</ymin><xmax>281</xmax><ymax>253</ymax></bndbox></object><object><name>Car</name><pose>Unspecified</pose><truncated>0</truncated><difficult>0</difficult><bndbox><xmin>267</xmin><ymin>226</ymin><xmax>327</xmax><ymax>263</ymax></bndbox></object></Annotation>