<Annotation><filename>2015_00445</filename><size><width>500</width><height>375</height><depth>3</depth></size><object><name>Bicycle</name><pose>Unspecified</pose><truncated>0</truncated><difficult>0</difficult><bndbox><xmin>60</xmin><ymin>183</ymin><xmax>180</xmax><ymax>333</ymax></bndbox></object><object><name>Motorbike</name><pose>Unspecified</pose><truncated>0</truncated><difficult>0</difficult><bndbox><xmin>353</xmin><ymin>164</ymin><xmax>398</xmax><ymax>227</ymax></bndbox></object><object><name>Motorbike</name><pose>Unspecified</pose><truncated>0</truncated><difficult>0</difficult><bndbox><xmin>372</xmin><ymin>171</ymin><xmax>493</xmax><ymax>296</ymax></bndbox></object><object><name>Motorbike</name><pose>Unspecified</pose><truncated>0</truncated><difficult>0</difficult><bndbox><xmin>246</xmin><ymin>165</ymin><xmax>349</xmax><ymax>239</ymax></bndbox></object><object><name>People</name><pose>Unspecified</pose><truncated>0</truncated><difficult>0</difficult><bndbox><xmin>58</xmin><ymin>120</ymin><xmax>163</xmax><ymax>313</ymax></bndbox></object><object><name>People</name><pose>Unspecified</pose><truncated>0</truncated><difficult>0</difficult><bndbox><xmin>163</xmin><ymin>125</ymin><xmax>177</xmax><ymax>155</ymax></bndbox></object><object><name>People</name><pose>Unspecified</pose><truncated>0</truncated><difficult>0</difficult><bndbox><xmin>278</xmin><ymin>129</ymin><xmax>326</xmax><ymax>201</ymax></bndbox></object><object><name>People</name><pose>Unspecified</pose><truncated>0</truncated><difficult>0</difficult><bndbox><xmin>232</xmin><ymin>160</ymin><xmax>302</xmax><ymax>276</ymax></bndbox></object><object><name>People</name><pose>Unspecified</pose><truncated>0</truncated><difficult>0</difficult><bndbox><xmin>376</xmin><ymin>136</ymin><xmax>443</xmax><ymax>204</ymax></bndbox></object><object><name>People</name><pose>Unspecified</pose><truncated>0</truncated><difficult>0</difficult><bndbox><xmin>415</xmin><ymin>135</ymin><xmax>490</xmax><ymax>317</ymax></bndbox></object><object><name>Car</name><pose>Unspecified</pose><truncated>0</truncated><difficult>0</difficult><bndbox><xmin>45</xmin><ymin>128</ymin><xmax>80</xmax><ymax>152</ymax></bndbox></object><object><name>Car</name><pose>Unspecified</pose><truncated>0</truncated><difficult>0</difficult><bndbox><xmin>15</xmin><ymin>126</ymin><xmax>40</xmax><ymax>147</ymax></bndbox></object></Annotation>