<Annotation><filename>2015_00390</filename><size><width>480</width><height>640</height><depth>3</depth></size><object><name>Bicycle</name><pose>Unspecified</pose><truncated>0</truncated><difficult>0</difficult><bndbox><xmin>173</xmin><ymin>328</ymin><xmax>249</xmax><ymax>534</ymax></bndbox></object><object><name>People</name><pose>Unspecified</pose><truncated>0</truncated><difficult>0</difficult><bndbox><xmin>118</xmin><ymin>283</ymin><xmax>212</xmax><ymax>529</ymax></bndbox></object></Annotation>