<Annotation><filename>2015_00321</filename><size><width>491</width><height>348</height><depth>3</depth></size><object><name>Bicycle</name><pose>Unspecified</pose><truncated>0</truncated><difficult>0</difficult><bndbox><xmin>72</xmin><ymin>146</ymin><xmax>172</xmax><ymax>268</ymax></bndbox></object><object><name>People</name><pose>Unspecified</pose><truncated>0</truncated><difficult>0</difficult><bndbox><xmin>145</xmin><ymin>173</ymin><xmax>218</xmax><ymax>285</ymax></bndbox></object></Annotation>