<Annotation><filename>2015_00025</filename><size><width>640</width><height>426</height><depth>3</depth></size><object><name>Bicycle</name><pose>Unspecified</pose><truncated>0</truncated><difficult>0</difficult><bndbox><xmin>321</xmin><ymin>196</ymin><xmax>561</xmax><ymax>375</ymax></bndbox></object><object><name>Bicycle</name><pose>Unspecified</pose><truncated>0</truncated><difficult>0</difficult><bndbox><xmin>36</xmin><ymin>212</ymin><xmax>132</xmax><ymax>300</ymax></bndbox></object><object><name>Bicycle</name><pose>Unspecified</pose><truncated>0</truncated><difficult>0</difficult><bndbox><xmin>485</xmin><ymin>199</ymin><xmax>622</xmax><ymax>242</ymax></bndbox></object><object><name>People</name><pose>Unspecified</pose><truncated>0</truncated><difficult>0</difficult><bndbox><xmin>226</xmin><ymin>190</ymin><xmax>247</xmax><ymax>242</ymax></bndbox></object><object><name>People</name><pose>Unspecified</pose><truncated>0</truncated><difficult>0</difficult><bndbox><xmin>248</xmin><ymin>191</ymin><xmax>287</xmax><ymax>243</ymax></bndbox></object><object><name>People</name><pose>Unspecified</pose><truncated>0</truncated><difficult>0</difficult><bndbox><xmin>20</xmin><ymin>162</ymin><xmax>105</xmax><ymax>285</ymax></bndbox></object><object><name>People</name><pose>Unspecified</pose><truncated>0</truncated><difficult>0</difficult><bndbox><xmin>311</xmin><ymin>86</ymin><xmax>489</xmax><ymax>339</ymax></bndbox></object></Annotation>