<Annotation><filename>2015_00459</filename><size><width>2448</width><height>2448</height><depth>3</depth></size><object><name>Bicycle</name><pose>Unspecified</pose><truncated>0</truncated><difficult>0</difficult><bndbox><xmin>810</xmin><ymin>894</ymin><xmax>1329</xmax><ymax>2018</ymax></bndbox></object><object><name>People</name><pose>Unspecified</pose><truncated>0</truncated><difficult>0</difficult><bndbox><xmin>971</xmin><ymin>768</ymin><xmax>1080</xmax><ymax>1002</ymax></bndbox></object><object><name>People</name><pose>Unspecified</pose><truncated>0</truncated><difficult>0</difficult><bndbox><xmin>831</xmin><ymin>820</ymin><xmax>912</xmax><ymax>1049</ymax></bndbox></object></Annotation>