<Annotation><filename>2015_00029</filename><size><width>530</width><height>800</height><depth>3</depth></size><object><name>Bicycle</name><pose>Unspecified</pose><truncated>0</truncated><difficult>0</difficult><bndbox><xmin>263</xmin><ymin>427</ymin><xmax>395</xmax><ymax>553</ymax></bndbox></object><object><name>Bicycle</name><pose>Unspecified</pose><truncated>0</truncated><difficult>0</difficult><bndbox><xmin>409</xmin><ymin>355</ymin><xmax>526</xmax><ymax>690</ymax></bndbox></object></Annotation>