<Annotation><filename>2015_00172</filename><size><width>1024</width><height>683</height><depth>3</depth></size><object><name>Bicycle</name><pose>Unspecified</pose><truncated>0</truncated><difficult>0</difficult><bndbox><xmin>276</xmin><ymin>177</ymin><xmax>529</xmax><ymax>394</ymax></bndbox></object><object><name>People</name><pose>Unspecified</pose><truncated>0</truncated><difficult>0</difficult><bndbox><xmin>676</xmin><ymin>213</ymin><xmax>851</xmax><ymax>445</ymax></bndbox></object></Annotation>