<Annotation><filename>2015_00473</filename><size><width>640</width><height>480</height><depth>3</depth></size><object><name>Bicycle</name><pose>Unspecified</pose><truncated>0</truncated><difficult>0</difficult><bndbox><xmin>97</xmin><ymin>339</ymin><xmax>237</xmax><ymax>480</ymax></bndbox></object><object><name>Bicycle</name><pose>Unspecified</pose><truncated>0</truncated><difficult>0</difficult><bndbox><xmin>420</xmin><ymin>307</ymin><xmax>509</xmax><ymax>369</ymax></bndbox></object><object><name>Bicycle</name><pose>Unspecified</pose><truncated>0</truncated><difficult>0</difficult><bndbox><xmin>518</xmin><ymin>310</ymin><xmax>578</xmax><ymax>358</ymax></bndbox></object><object><name>People</name><pose>Unspecified</pose><truncated>0</truncated><difficult>0</difficult><bndbox><xmin>92</xmin><ymin>273</ymin><xmax>214</xmax><ymax>472</ymax></bndbox></object><object><name>People</name><pose>Unspecified</pose><truncated>0</truncated><difficult>0</difficult><bndbox><xmin>435</xmin><ymin>286</ymin><xmax>470</xmax><ymax>333</ymax></bndbox></object><object><name>People</name><pose>Unspecified</pose><truncated>0</truncated><difficult>0</difficult><bndbox><xmin>475</xmin><ymin>294</ymin><xmax>499</xmax><ymax>352</ymax></bndbox></object><object><name>People</name><pose>Unspecified</pose><truncated>0</truncated><difficult>0</difficult><bndbox><xmin>514</xmin><ymin>282</ymin><xmax>550</xmax><ymax>352</ymax></bndbox></object></Annotation>