<Annotation><filename>2015_00090</filename><size><width>412</width><height>416</height><depth>3</depth></size><object><name>Bicycle</name><pose>Unspecified</pose><truncated>0</truncated><difficult>0</difficult><bndbox><xmin>259</xmin><ymin>264</ymin><xmax>341</xmax><ymax>401</ymax></bndbox></object><object><name>Bicycle</name><pose>Unspecified</pose><truncated>0</truncated><difficult>0</difficult><bndbox><xmin>214</xmin><ymin>235</ymin><xmax>233</xmax><ymax>278</ymax></bndbox></object></Annotation>