<Annotation><filename>2015_00011</filename><size><width>1024</width><height>768</height><depth>3</depth></size><object><name>Bicycle</name><pose>Unspecified</pose><truncated>0</truncated><difficult>0</difficult><bndbox><xmin>344</xmin><ymin>321</ymin><xmax>627</xmax><ymax>766</ymax></bndbox></object><object><name>People</name><pose>Unspecified</pose><truncated>0</truncated><difficult>0</difficult><bndbox><xmin>365</xmin><ymin>77</ymin><xmax>788</xmax><ymax>699</ymax></bndbox></object></Annotation>