<Annotation><filename>2015_00391</filename><size><width>1600</width><height>1509</height><depth>3</depth></size><object><name>Bicycle</name><pose>Unspecified</pose><truncated>0</truncated><difficult>0</difficult><bndbox><xmin>558</xmin><ymin>513</ymin><xmax>722</xmax><ymax>705</ymax></bndbox></object><object><name>Bicycle</name><pose>Unspecified</pose><truncated>0</truncated><difficult>0</difficult><bndbox><xmin>226</xmin><ymin>727</ymin><xmax>1306</xmax><ymax>1502</ymax></bndbox></object><object><name>Car</name><pose>Unspecified</pose><truncated>0</truncated><difficult>0</difficult><bndbox><xmin>434</xmin><ymin>460</ymin><xmax>544</xmax><ymax>531</ymax></bndbox></object><object><name>Car</name><pose>Unspecified</pose><truncated>0</truncated><difficult>0</difficult><bndbox><xmin>981</xmin><ymin>484</ymin><xmax>1171</xmax><ymax>581</ymax></bndbox></object><object><name>Bottle</name><pose>Unspecified</pose><truncated>0</truncated><difficult>0</difficult><bndbox><xmin>822</xmin><ymin>1055</ymin><xmax>893</xmax><ymax>1225</ymax></bndbox></object><object><name>Bottle</name><pose>Unspecified</pose><truncated>0</truncated><difficult>0</difficult><bndbox><xmin>693</xmin><ymin>1031</ymin><xmax>845</xmax><ymax>1187</ymax></bndbox></object><object><name>People</name><pose>Unspecified</pose><truncated>0</truncated><difficult>0</difficult><bndbox><xmin>523</xmin><ymin>331</ymin><xmax>985</xmax><ymax>1315</ymax></bndbox></object></Annotation>