<Annotation><filename>2015_00167</filename><size><width>480</width><height>640</height><depth>3</depth></size><object><name>Bicycle</name><pose>Unspecified</pose><truncated>0</truncated><difficult>0</difficult><bndbox><xmin>57</xmin><ymin>343</ymin><xmax>137</xmax><ymax>511</ymax></bndbox></object><object><name>Bicycle</name><pose>Unspecified</pose><truncated>0</truncated><difficult>0</difficult><bndbox><xmin>154</xmin><ymin>377</ymin><xmax>248</xmax><ymax>525</ymax></bndbox></object><object><name>Bicycle</name><pose>Unspecified</pose><truncated>0</truncated><difficult>0</difficult><bndbox><xmin>383</xmin><ymin>423</ymin><xmax>481</xmax><ymax>552</ymax></bndbox></object></Annotation>