<Annotation><filename>2015_00113</filename><size><width>480</width><height>640</height><depth>3</depth></size><object><name>Bicycle</name><pose>Unspecified</pose><truncated>0</truncated><difficult>0</difficult><bndbox><xmin>356</xmin><ymin>321</ymin><xmax>478</xmax><ymax>539</ymax></bndbox></object><object><name>Bicycle</name><pose>Unspecified</pose><truncated>0</truncated><difficult>0</difficult><bndbox><xmin>303</xmin><ymin>302</ymin><xmax>338</xmax><ymax>348</ymax></bndbox></object></Annotation>