<Annotation><filename>2015_00160</filename><size><width>602</width><height>383</height><depth>3</depth></size><object><name>Bicycle</name><pose>Unspecified</pose><truncated>0</truncated><difficult>0</difficult><bndbox><xmin>75</xmin><ymin>150</ymin><xmax>471</xmax><ymax>370</ymax></bndbox></object><object><name>People</name><pose>Unspecified</pose><truncated>0</truncated><difficult>0</difficult><bndbox><xmin>125</xmin><ymin>39</ymin><xmax>414</xmax><ymax>373</ymax></bndbox></object></Annotation>