<Annotation><filename>2015_00078</filename><size><width>508</width><height>337</height><depth>3</depth></size><object><name>Bicycle</name><pose>Unspecified</pose><truncated>0</truncated><difficult>0</difficult><bndbox><xmin>176</xmin><ymin>135</ymin><xmax>294</xmax><ymax>299</ymax></bndbox></object><object><name>People</name><pose>Unspecified</pose><truncated>0</truncated><difficult>0</difficult><bndbox><xmin>159</xmin><ymin>47</ymin><xmax>266</xmax><ymax>270</ymax></bndbox></object><object><name>People</name><pose>Unspecified</pose><truncated>0</truncated><difficult>0</difficult><bndbox><xmin>337</xmin><ymin>258</ymin><xmax>373</xmax><ymax>301</ymax></bndbox></object><object><name>People</name><pose>Unspecified</pose><truncated>0</truncated><difficult>0</difficult><bndbox><xmin>380</xmin><ymin>249</ymin><xmax>415</xmax><ymax>301</ymax></bndbox></object></Annotation>