<Annotation><filename>2015_00221</filename><size><width>416</width><height>416</height><depth>3</depth></size><object><name>Bicycle</name><pose>Unspecified</pose><truncated>0</truncated><difficult>0</difficult><bndbox><xmin>170</xmin><ymin>269</ymin><xmax>226</xmax><ymax>307</ymax></bndbox></object><object><name>Bicycle</name><pose>Unspecified</pose><truncated>0</truncated><difficult>0</difficult><bndbox><xmin>234</xmin><ymin>270</ymin><xmax>288</xmax><ymax>307</ymax></bndbox></object><object><name>Bicycle</name><pose>Unspecified</pose><truncated>0</truncated><difficult>0</difficult><bndbox><xmin>117</xmin><ymin>255</ymin><xmax>181</xmax><ymax>347</ymax></bndbox></object><object><name>Bicycle</name><pose>Unspecified</pose><truncated>0</truncated><difficult>0</difficult><bndbox><xmin>4</xmin><ymin>233</ymin><xmax>126</xmax><ymax>416</ymax></bndbox></object></Annotation>