<Annotation><filename>2015_00215</filename><size><width>640</width><height>640</height><depth>3</depth></size><object><name>Bicycle</name><pose>Unspecified</pose><truncated>0</truncated><difficult>0</difficult><bndbox><xmin>331</xmin><ymin>377</ymin><xmax>516</xmax><ymax>582</ymax></bndbox></object><object><name>Bicycle</name><pose>Unspecified</pose><truncated>0</truncated><difficult>0</difficult><bndbox><xmin>72</xmin><ymin>386</ymin><xmax>312</xmax><ymax>617</ymax></bndbox></object></Annotation>