<Annotation><filename>2015_00458</filename><size><width>2448</width><height>2448</height><depth>3</depth></size><object><name>Bicycle</name><pose>Unspecified</pose><truncated>0</truncated><difficult>0</difficult><bndbox><xmin>901</xmin><ymin>962</ymin><xmax>1849</xmax><ymax>1791</ymax></bndbox></object><object><name>Car</name><pose>Unspecified</pose><truncated>0</truncated><difficult>0</difficult><bndbox><xmin>1231</xmin><ymin>846</ymin><xmax>1371</xmax><ymax>979</ymax></bndbox></object><object><name>Car</name><pose>Unspecified</pose><truncated>0</truncated><difficult>0</difficult><bndbox><xmin>1486</xmin><ymin>833</ymin><xmax>1839</xmax><ymax>1012</ymax></bndbox></object><object><name>Car</name><pose>Unspecified</pose><truncated>0</truncated><difficult>0</difficult><bndbox><xmin>1779</xmin><ymin>813</ymin><xmax>2114</xmax><ymax>1062</ymax></bndbox></object></Annotation>