<Annotation><filename>2015_00123</filename><size><width>640</width><height>424</height><depth>3</depth></size><object><name>Bicycle</name><pose>Unspecified</pose><truncated>0</truncated><difficult>0</difficult><bndbox><xmin>394</xmin><ymin>225</ymin><xmax>556</xmax><ymax>343</ymax></bndbox></object><object><name>Motorbike</name><pose>Unspecified</pose><truncated>0</truncated><difficult>0</difficult><bndbox><xmin>47</xmin><ymin>214</ymin><xmax>219</xmax><ymax>336</ymax></bndbox></object><object><name>People</name><pose>Unspecified</pose><truncated>0</truncated><difficult>0</difficult><bndbox><xmin>72</xmin><ymin>188</ymin><xmax>103</xmax><ymax>258</ymax></bndbox></object><object><name>People</name><pose>Unspecified</pose><truncated>0</truncated><difficult>0</difficult><bndbox><xmin>101</xmin><ymin>181</ymin><xmax>127</xmax><ymax>238</ymax></bndbox></object><object><name>Car</name><pose>Unspecified</pose><truncated>0</truncated><difficult>0</difficult><bndbox><xmin>264</xmin><ymin>171</ymin><xmax>348</xmax><ymax>257</ymax></bndbox></object><object><name>Car</name><pose>Unspecified</pose><truncated>0</truncated><difficult>0</difficult><bndbox><xmin>227</xmin><ymin>197</ymin><xmax>326</xmax><ymax>298</ymax></bndbox></object><object><name>Car</name><pose>Unspecified</pose><truncated>0</truncated><difficult>0</difficult><bndbox><xmin>100</xmin><ymin>181</ymin><xmax>255</xmax><ymax>296</ymax></bndbox></object><object><name>Car</name><pose>Unspecified</pose><truncated>0</truncated><difficult>0</difficult><bndbox><xmin>506</xmin><ymin>190</ymin><xmax>581</xmax><ymax>259</ymax></bndbox></object><object><name>Car</name><pose>Unspecified</pose><truncated>0</truncated><difficult>0</difficult><bndbox><xmin>549</xmin><ymin>183</ymin><xmax>639</xmax><ymax>294</ymax></bndbox></object></Annotation>