<Annotation><filename>2015_00224</filename><size><width>338</width><height>506</height><depth>3</depth></size><object><name>Bicycle</name><pose>Unspecified</pose><truncated>0</truncated><difficult>0</difficult><bndbox><xmin>148</xmin><ymin>334</ymin><xmax>239</xmax><ymax>459</ymax></bndbox></object><object><name>People</name><pose>Unspecified</pose><truncated>0</truncated><difficult>0</difficult><bndbox><xmin>149</xmin><ymin>296</ymin><xmax>225</xmax><ymax>425</ymax></bndbox></object></Annotation>