<Annotation><filename>2015_00089</filename><size><width>640</width><height>424</height><depth>3</depth></size><object><name>Bicycle</name><pose>Unspecified</pose><truncated>0</truncated><difficult>0</difficult><bndbox><xmin>2</xmin><ymin>9</ymin><xmax>275</xmax><ymax>422</ymax></bndbox></object><object><name>Bicycle</name><pose>Unspecified</pose><truncated>0</truncated><difficult>0</difficult><bndbox><xmin>566</xmin><ymin>256</ymin><xmax>633</xmax><ymax>303</ymax></bndbox></object><object><name>Bicycle</name><pose>Unspecified</pose><truncated>0</truncated><difficult>0</difficult><bndbox><xmin>505</xmin><ymin>260</ymin><xmax>574</xmax><ymax>299</ymax></bndbox></object><object><name>Bicycle</name><pose>Unspecified</pose><truncated>0</truncated><difficult>0</difficult><bndbox><xmin>457</xmin><ymin>262</ymin><xmax>506</xmax><ymax>296</ymax></bndbox></object></Annotation>