<Annotation><filename>2015_00072</filename><size><width>490</width><height>350</height><depth>3</depth></size><object><name>Bicycle</name><pose>Unspecified</pose><truncated>0</truncated><difficult>0</difficult><bndbox><xmin>271</xmin><ymin>120</ymin><xmax>354</xmax><ymax>297</ymax></bndbox></object><object><name>People</name><pose>Unspecified</pose><truncated>0</truncated><difficult>0</difficult><bndbox><xmin>257</xmin><ymin>57</ymin><xmax>350</xmax><ymax>258</ymax></bndbox></object><object><name>Car</name><pose>Unspecified</pose><truncated>0</truncated><difficult>0</difficult><bndbox><xmin>105</xmin><ymin>56</ymin><xmax>241</xmax><ymax>191</ymax></bndbox></object><object><name>Car</name><pose>Unspecified</pose><truncated>0</truncated><difficult>0</difficult><bndbox><xmin>393</xmin><ymin>60</ymin><xmax>462</xmax><ymax>116</ymax></bndbox></object></Annotation>