<Annotation><filename>2015_00323</filename><size><width>2048</width><height>1216</height><depth>3</depth></size><object><name>Bicycle</name><pose>Unspecified</pose><truncated>0</truncated><difficult>0</difficult><bndbox><xmin>813</xmin><ymin>335</ymin><xmax>1622</xmax><ymax>876</ymax></bndbox></object><object><name>Bicycle</name><pose>Unspecified</pose><truncated>0</truncated><difficult>0</difficult><bndbox><xmin>15</xmin><ymin>322</ymin><xmax>801</xmax><ymax>941</ymax></bndbox></object></Annotation>