<Annotation><filename>2015_00008</filename><size><width>333</width><height>500</height><depth>3</depth></size><object><name>Bicycle</name><pose>Unspecified</pose><truncated>0</truncated><difficult>0</difficult><bndbox><xmin>108</xmin><ymin>271</ymin><xmax>217</xmax><ymax>368</ymax></bndbox></object><object><name>People</name><pose>Unspecified</pose><truncated>0</truncated><difficult>0</difficult><bndbox><xmin>116</xmin><ymin>211</ymin><xmax>185</xmax><ymax>371</ymax></bndbox></object></Annotation>