<Annotation><filename>2015_00498</filename><size><width>721</width><height>965</height><depth>3</depth></size><object><name>Bicycle</name><pose>Unspecified</pose><truncated>0</truncated><difficult>0</difficult><bndbox><xmin>151</xmin><ymin>691</ymin><xmax>563</xmax><ymax>959</ymax></bndbox></object><object><name>Bicycle</name><pose>Unspecified</pose><truncated>0</truncated><difficult>0</difficult><bndbox><xmin>254</xmin><ymin>604</ymin><xmax>292</xmax><ymax>655</ymax></bndbox></object><object><name>Bicycle</name><pose>Unspecified</pose><truncated>0</truncated><difficult>0</difficult><bndbox><xmin>458</xmin><ymin>595</ymin><xmax>530</xmax><ymax>633</ymax></bndbox></object></Annotation>