<Annotation><filename>2015_00337</filename><size><width>426</width><height>640</height><depth>3</depth></size><object><name>Bicycle</name><pose>Unspecified</pose><truncated>0</truncated><difficult>0</difficult><bndbox><xmin>46</xmin><ymin>282</ymin><xmax>363</xmax><ymax>476</ymax></bndbox></object><object><name>Car</name><pose>Unspecified</pose><truncated>0</truncated><difficult>0</difficult><bndbox><xmin>169</xmin><ymin>294</ymin><xmax>221</xmax><ymax>325</ymax></bndbox></object><object><name>Car</name><pose>Unspecified</pose><truncated>0</truncated><difficult>0</difficult><bndbox><xmin>143</xmin><ymin>295</ymin><xmax>177</xmax><ymax>319</ymax></bndbox></object></Annotation>