<Annotation><filename>2015_00480</filename><size><width>635</width><height>835</height><depth>3</depth></size><object><name>Bicycle</name><pose>Unspecified</pose><truncated>0</truncated><difficult>0</difficult><bndbox><xmin>111</xmin><ymin>339</ymin><xmax>545</xmax><ymax>807</ymax></bndbox></object><object><name>People</name><pose>Unspecified</pose><truncated>0</truncated><difficult>0</difficult><bndbox><xmin>153</xmin><ymin>175</ymin><xmax>450</xmax><ymax>793</ymax></bndbox></object></Annotation>