<Annotation><filename>2015_00427</filename><size><width>640</width><height>360</height><depth>3</depth></size><object><name>Bicycle</name><pose>Unspecified</pose><truncated>0</truncated><difficult>0</difficult><bndbox><xmin>295</xmin><ymin>259</ymin><xmax>483</xmax><ymax>356</ymax></bndbox></object><object><name>Bicycle</name><pose>Unspecified</pose><truncated>0</truncated><difficult>0</difficult><bndbox><xmin>7</xmin><ymin>258</ymin><xmax>208</xmax><ymax>356</ymax></bndbox></object><object><name>People</name><pose>Unspecified</pose><truncated>0</truncated><difficult>0</difficult><bndbox><xmin>182</xmin><ymin>201</ymin><xmax>327</xmax><ymax>355</ymax></bndbox></object><object><name>People</name><pose>Unspecified</pose><truncated>0</truncated><difficult>0</difficult><bndbox><xmin>355</xmin><ymin>192</ymin><xmax>426</xmax><ymax>350</ymax></bndbox></object><object><name>People</name><pose>Unspecified</pose><truncated>0</truncated><difficult>0</difficult><bndbox><xmin>498</xmin><ymin>69</ymin><xmax>639</xmax><ymax>356</ymax></bndbox></object></Annotation>