<Annotation><filename>2015_00465</filename><size><width>720</width><height>540</height><depth>3</depth></size><object><name>Bicycle</name><pose>Unspecified</pose><truncated>0</truncated><difficult>0</difficult><bndbox><xmin>197</xmin><ymin>194</ymin><xmax>471</xmax><ymax>405</ymax></bndbox></object><object><name>Bicycle</name><pose>Unspecified</pose><truncated>0</truncated><difficult>0</difficult><bndbox><xmin>460</xmin><ymin>167</ymin><xmax>634</xmax><ymax>297</ymax></bndbox></object><object><name>People</name><pose>Unspecified</pose><truncated>0</truncated><difficult>0</difficult><bndbox><xmin>271</xmin><ymin>61</ymin><xmax>436</xmax><ymax>367</ymax></bndbox></object><object><name>People</name><pose>Unspecified</pose><truncated>0</truncated><difficult>0</difficult><bndbox><xmin>490</xmin><ymin>73</ymin><xmax>623</xmax><ymax>291</ymax></bndbox></object></Annotation>