<Annotation><filename>2015_00058</filename><size><width>414</width><height>414</height><depth>3</depth></size><object><name>Bicycle</name><pose>Unspecified</pose><truncated>0</truncated><difficult>0</difficult><bndbox><xmin>224</xmin><ymin>233</ymin><xmax>345</xmax><ymax>382</ymax></bndbox></object><object><name>Bicycle</name><pose>Unspecified</pose><truncated>0</truncated><difficult>0</difficult><bndbox><xmin>150</xmin><ymin>227</ymin><xmax>173</xmax><ymax>261</ymax></bndbox></object><object><name>People</name><pose>Unspecified</pose><truncated>0</truncated><difficult>0</difficult><bndbox><xmin>203</xmin><ymin>207</ymin><xmax>232</xmax><ymax>273</ymax></bndbox></object></Annotation>