<Annotation><filename>2015_00444</filename><size><width>320</width><height>320</height><depth>3</depth></size><object><name>Bicycle</name><pose>Unspecified</pose><truncated>0</truncated><difficult>0</difficult><bndbox><xmin>84</xmin><ymin>76</ymin><xmax>241</xmax><ymax>159</ymax></bndbox></object><object><name>Bicycle</name><pose>Unspecified</pose><truncated>0</truncated><difficult>0</difficult><bndbox><xmin>1</xmin><ymin>50</ymin><xmax>89</xmax><ymax>157</ymax></bndbox></object><object><name>Bicycle</name><pose>Unspecified</pose><truncated>0</truncated><difficult>0</difficult><bndbox><xmin>193</xmin><ymin>32</ymin><xmax>313</xmax><ymax>185</ymax></bndbox></object></Annotation>