<Annotation><filename>2015_00165</filename><size><width>328</width><height>471</height><depth>3</depth></size><object><name>Bicycle</name><pose>Unspecified</pose><truncated>0</truncated><difficult>0</difficult><bndbox><xmin>33</xmin><ymin>182</ymin><xmax>150</xmax><ymax>268</ymax></bndbox></object><object><name>Bicycle</name><pose>Unspecified</pose><truncated>0</truncated><difficult>0</difficult><bndbox><xmin>155</xmin><ymin>235</ymin><xmax>296</xmax><ymax>318</ymax></bndbox></object></Annotation>