<Annotation><filename>2015_00482</filename><size><width>1024</width><height>768</height><depth>3</depth></size><object><name>Bicycle</name><pose>Unspecified</pose><truncated>0</truncated><difficult>0</difficult><bndbox><xmin>335</xmin><ymin>14</ymin><xmax>846</xmax><ymax>759</ymax></bndbox></object><object><name>Bicycle</name><pose>Unspecified</pose><truncated>0</truncated><difficult>0</difficult><bndbox><xmin>23</xmin><ymin>322</ymin><xmax>212</xmax><ymax>666</ymax></bndbox></object><object><name>Car</name><pose>Unspecified</pose><truncated>0</truncated><difficult>0</difficult><bndbox><xmin>292</xmin><ymin>361</ymin><xmax>338</xmax><ymax>395</ymax></bndbox></object><object><name>People</name><pose>Unspecified</pose><truncated>0</truncated><difficult>0</difficult><bndbox><xmin>199</xmin><ymin>343</ymin><xmax>291</xmax><ymax>433</ymax></bndbox></object></Annotation>