<Annotation><filename>2015_00274</filename><size><width>1024</width><height>508</height><depth>3</depth></size><object><name>Bicycle</name><pose>Unspecified</pose><truncated>0</truncated><difficult>0</difficult><bndbox><xmin>312</xmin><ymin>271</ymin><xmax>615</xmax><ymax>458</ymax></bndbox></object><object><name>Bicycle</name><pose>Unspecified</pose><truncated>0</truncated><difficult>0</difficult><bndbox><xmin>511</xmin><ymin>279</ymin><xmax>804</xmax><ymax>475</ymax></bndbox></object><object><name>Bicycle</name><pose>Unspecified</pose><truncated>0</truncated><difficult>0</difficult><bndbox><xmin>883</xmin><ymin>303</ymin><xmax>1022</xmax><ymax>479</ymax></bndbox></object></Annotation>