<Annotation><filename>2015_00108</filename><size><width>640</width><height>359</height><depth>3</depth></size><object><name>Bicycle</name><pose>Unspecified</pose><truncated>0</truncated><difficult>0</difficult><bndbox><xmin>370</xmin><ymin>140</ymin><xmax>513</xmax><ymax>284</ymax></bndbox></object><object><name>People</name><pose>Unspecified</pose><truncated>0</truncated><difficult>0</difficult><bndbox><xmin>377</xmin><ymin>72</ymin><xmax>480</xmax><ymax>231</ymax></bndbox></object></Annotation>