<Annotation><filename>2015_00275</filename><size><width>509</width><height>339</height><depth>3</depth></size><object><name>Bicycle</name><pose>Unspecified</pose><truncated>0</truncated><difficult>0</difficult><bndbox><xmin>61</xmin><ymin>213</ymin><xmax>142</xmax><ymax>267</ymax></bndbox></object><object><name>People</name><pose>Unspecified</pose><truncated>0</truncated><difficult>0</difficult><bndbox><xmin>82</xmin><ymin>179</ymin><xmax>111</xmax><ymax>262</ymax></bndbox></object></Annotation>