<Annotation><filename>2015_00365</filename><size><width>414</width><height>414</height><depth>3</depth></size><object><name>Bicycle</name><pose>Unspecified</pose><truncated>0</truncated><difficult>0</difficult><bndbox><xmin>242</xmin><ymin>125</ymin><xmax>320</xmax><ymax>258</ymax></bndbox></object><object><name>Bicycle</name><pose>Unspecified</pose><truncated>0</truncated><difficult>0</difficult><bndbox><xmin>256</xmin><ymin>210</ymin><xmax>375</xmax><ymax>407</ymax></bndbox></object><object><name>People</name><pose>Unspecified</pose><truncated>0</truncated><difficult>0</difficult><bndbox><xmin>191</xmin><ymin>63</ymin><xmax>242</xmax><ymax>220</ymax></bndbox></object></Annotation>