<Annotation><filename>2015_00082</filename><size><width>339</width><height>506</height><depth>3</depth></size><object><name>Bicycle</name><pose>Unspecified</pose><truncated>0</truncated><difficult>0</difficult><bndbox><xmin>196</xmin><ymin>309</ymin><xmax>255</xmax><ymax>419</ymax></bndbox></object><object><name>Bicycle</name><pose>Unspecified</pose><truncated>0</truncated><difficult>0</difficult><bndbox><xmin>262</xmin><ymin>301</ymin><xmax>317</xmax><ymax>377</ymax></bndbox></object><object><name>Motorbike</name><pose>Unspecified</pose><truncated>0</truncated><difficult>0</difficult><bndbox><xmin>158</xmin><ymin>298</ymin><xmax>196</xmax><ymax>354</ymax></bndbox></object></Annotation>