<Annotation><filename>2015_00057</filename><size><width>506</width><height>339</height><depth>3</depth></size><object><name>Bicycle</name><pose>Unspecified</pose><truncated>0</truncated><difficult>0</difficult><bndbox><xmin>72</xmin><ymin>176</ymin><xmax>303</xmax><ymax>284</ymax></bndbox></object><object><name>Bicycle</name><pose>Unspecified</pose><truncated>0</truncated><difficult>0</difficult><bndbox><xmin>351</xmin><ymin>135</ymin><xmax>429</xmax><ymax>196</ymax></bndbox></object><object><name>Car</name><pose>Unspecified</pose><truncated>0</truncated><difficult>0</difficult><bndbox><xmin>411</xmin><ymin>138</ymin><xmax>501</xmax><ymax>183</ymax></bndbox></object></Annotation>