<Annotation><filename>2015_00054</filename><size><width>507</width><height>338</height><depth>3</depth></size><object><name>Bicycle</name><pose>Unspecified</pose><truncated>0</truncated><difficult>0</difficult><bndbox><xmin>206</xmin><ymin>212</ymin><xmax>318</xmax><ymax>302</ymax></bndbox></object><object><name>Bicycle</name><pose>Unspecified</pose><truncated>0</truncated><difficult>0</difficult><bndbox><xmin>91</xmin><ymin>215</ymin><xmax>207</xmax><ymax>297</ymax></bndbox></object><object><name>Bicycle</name><pose>Unspecified</pose><truncated>0</truncated><difficult>0</difficult><bndbox><xmin>37</xmin><ymin>191</ymin><xmax>84</xmax><ymax>217</ymax></bndbox></object><object><name>People</name><pose>Unspecified</pose><truncated>0</truncated><difficult>0</difficult><bndbox><xmin>119</xmin><ymin>181</ymin><xmax>173</xmax><ymax>297</ymax></bndbox></object><object><name>People</name><pose>Unspecified</pose><truncated>0</truncated><difficult>0</difficult><bndbox><xmin>231</xmin><ymin>179</ymin><xmax>277</xmax><ymax>297</ymax></bndbox></object><object><name>Table</name><pose>Unspecified</pose><truncated>0</truncated><difficult>0</difficult><bndbox><xmin>373</xmin><ymin>190</ymin><xmax>410</xmax><ymax>217</ymax></bndbox></object><object><name>Table</name><pose>Unspecified</pose><truncated>0</truncated><difficult>0</difficult><bndbox><xmin>435</xmin><ymin>189</ymin><xmax>472</xmax><ymax>218</ymax></bndbox></object><object><name>Table</name><pose>Unspecified</pose><truncated>0</truncated><difficult>0</difficult><bndbox><xmin>481</xmin><ymin>190</ymin><xmax>505</xmax><ymax>216</ymax></bndbox></object></Annotation>