<Annotation><filename>2015_00193</filename><size><width>683</width><height>1024</height><depth>3</depth></size><object><name>Bicycle</name><pose>Unspecified</pose><truncated>0</truncated><difficult>0</difficult><bndbox><xmin>3</xmin><ymin>519</ymin><xmax>583</xmax><ymax>999</ymax></bndbox></object><object><name>People</name><pose>Unspecified</pose><truncated>0</truncated><difficult>0</difficult><bndbox><xmin>128</xmin><ymin>334</ymin><xmax>323</xmax><ymax>565</ymax></bndbox></object><object><name>People</name><pose>Unspecified</pose><truncated>0</truncated><difficult>0</difficult><bndbox><xmin>476</xmin><ymin>269</ymin><xmax>678</xmax><ymax>950</ymax></bndbox></object></Annotation>