<Annotation><filename>2015_00237</filename><size><width>350</width><height>490</height><depth>3</depth></size><object><name>Bicycle</name><pose>Unspecified</pose><truncated>0</truncated><difficult>0</difficult><bndbox><xmin>120</xmin><ymin>188</ymin><xmax>163</xmax><ymax>299</ymax></bndbox></object><object><name>People</name><pose>Unspecified</pose><truncated>0</truncated><difficult>0</difficult><bndbox><xmin>84</xmin><ymin>140</ymin><xmax>144</xmax><ymax>297</ymax></bndbox></object></Annotation>