<Annotation><filename>2015_00066</filename><size><width>640</width><height>428</height><depth>3</depth></size><object><name>Bicycle</name><pose>Unspecified</pose><truncated>0</truncated><difficult>0</difficult><bndbox><xmin>443</xmin><ymin>183</ymin><xmax>544</xmax><ymax>303</ymax></bndbox></object><object><name>Table</name><pose>Unspecified</pose><truncated>0</truncated><difficult>0</difficult><bndbox><xmin>198</xmin><ymin>190</ymin><xmax>279</xmax><ymax>242</ymax></bndbox></object><object><name>Table</name><pose>Unspecified</pose><truncated>0</truncated><difficult>0</difficult><bndbox><xmin>390</xmin><ymin>197</ymin><xmax>483</xmax><ymax>253</ymax></bndbox></object><object><name>Table</name><pose>Unspecified</pose><truncated>0</truncated><difficult>0</difficult><bndbox><xmin>140</xmin><ymin>230</ymin><xmax>257</xmax><ymax>400</ymax></bndbox></object></Annotation>