<Annotation><filename>2015_00202</filename><size><width>500</width><height>500</height><depth>3</depth></size><object><name>Bicycle</name><pose>Unspecified</pose><truncated>0</truncated><difficult>0</difficult><bndbox><xmin>5</xmin><ymin>212</ymin><xmax>243</xmax><ymax>393</ymax></bndbox></object><object><name>Bicycle</name><pose>Unspecified</pose><truncated>0</truncated><difficult>0</difficult><bndbox><xmin>196</xmin><ymin>205</ymin><xmax>328</xmax><ymax>301</ymax></bndbox></object><object><name>Bicycle</name><pose>Unspecified</pose><truncated>0</truncated><difficult>0</difficult><bndbox><xmin>370</xmin><ymin>204</ymin><xmax>398</xmax><ymax>231</ymax></bndbox></object></Annotation>