<Annotation><filename>2015_00070</filename><size><width>1596</width><height>931</height><depth>3</depth></size><object><name>Bicycle</name><pose>Unspecified</pose><truncated>0</truncated><difficult>0</difficult><bndbox><xmin>619</xmin><ymin>432</ymin><xmax>827</xmax><ymax>725</ymax></bndbox></object><object><name>People</name><pose>Unspecified</pose><truncated>0</truncated><difficult>0</difficult><bndbox><xmin>621</xmin><ymin>262</ymin><xmax>823</xmax><ymax>745</ymax></bndbox></object></Annotation>