<Annotation><filename>2015_00032</filename><size><width>640</width><height>428</height><depth>3</depth></size><object><name>Bicycle</name><pose>Unspecified</pose><truncated>0</truncated><difficult>0</difficult><bndbox><xmin>67</xmin><ymin>231</ymin><xmax>332</xmax><ymax>390</ymax></bndbox></object><object><name>People</name><pose>Unspecified</pose><truncated>0</truncated><difficult>0</difficult><bndbox><xmin>127</xmin><ymin>128</ymin><xmax>262</xmax><ymax>380</ymax></bndbox></object><object><name>People</name><pose>Unspecified</pose><truncated>0</truncated><difficult>0</difficult><bndbox><xmin>457</xmin><ymin>117</ymin><xmax>536</xmax><ymax>379</ymax></bndbox></object></Annotation>