<Annotation><filename>2015_00100</filename><size><width>850</width><height>638</height><depth>3</depth></size><object><name>Bicycle</name><pose>Unspecified</pose><truncated>0</truncated><difficult>0</difficult><bndbox><xmin>275</xmin><ymin>360</ymin><xmax>401</xmax><ymax>570</ymax></bndbox></object><object><name>People</name><pose>Unspecified</pose><truncated>0</truncated><difficult>0</difficult><bndbox><xmin>487</xmin><ymin>298</ymin><xmax>527</xmax><ymax>407</ymax></bndbox></object></Annotation>