<Annotation><filename>2015_00109</filename><size><width>337</width><height>508</height><depth>3</depth></size><object><name>Bicycle</name><pose>Unspecified</pose><truncated>0</truncated><difficult>0</difficult><bndbox><xmin>116</xmin><ymin>321</ymin><xmax>198</xmax><ymax>457</ymax></bndbox></object><object><name>People</name><pose>Unspecified</pose><truncated>0</truncated><difficult>0</difficult><bndbox><xmin>120</xmin><ymin>267</ymin><xmax>189</xmax><ymax>433</ymax></bndbox></object><object><name>Dog</name><pose>Unspecified</pose><truncated>0</truncated><difficult>0</difficult><bndbox><xmin>286</xmin><ymin>368</ymin><xmax>324</xmax><ymax>441</ymax></bndbox></object></Annotation>