<Annotation><filename>2015_00122</filename><size><width>338</width><height>507</height><depth>3</depth></size><object><name>Bicycle</name><pose>Unspecified</pose><truncated>0</truncated><difficult>0</difficult><bndbox><xmin>240</xmin><ymin>280</ymin><xmax>302</xmax><ymax>391</ymax></bndbox></object><object><name>Motorbike</name><pose>Unspecified</pose><truncated>0</truncated><difficult>0</difficult><bndbox><xmin>132</xmin><ymin>262</ymin><xmax>162</xmax><ymax>306</ymax></bndbox></object></Annotation>