<Annotation><filename>2015_00485</filename><size><width>790</width><height>596</height><depth>3</depth></size><object><name>Bicycle</name><pose>Unspecified</pose><truncated>0</truncated><difficult>0</difficult><bndbox><xmin>39</xmin><ymin>377</ymin><xmax>319</xmax><ymax>567</ymax></bndbox></object><object><name>Car</name><pose>Unspecified</pose><truncated>0</truncated><difficult>0</difficult><bndbox><xmin>192</xmin><ymin>323</ymin><xmax>240</xmax><ymax>360</ymax></bndbox></object><object><name>Chair</name><pose>Unspecified</pose><truncated>0</truncated><difficult>0</difficult><bndbox><xmin>337</xmin><ymin>349</ymin><xmax>373</xmax><ymax>388</ymax></bndbox></object></Annotation>