<Annotation><filename>2015_00262</filename><size><width>640</width><height>399</height><depth>3</depth></size><object><name>Bicycle</name><pose>Unspecified</pose><truncated>0</truncated><difficult>0</difficult><bndbox><xmin>436</xmin><ymin>184</ymin><xmax>533</xmax><ymax>289</ymax></bndbox></object><object><name>People</name><pose>Unspecified</pose><truncated>0</truncated><difficult>0</difficult><bndbox><xmin>444</xmin><ymin>158</ymin><xmax>532</xmax><ymax>263</ymax></bndbox></object></Annotation>