<Annotation><filename>2015_00483</filename><size><width>900</width><height>600</height><depth>3</depth></size><object><name>Bicycle</name><pose>Unspecified</pose><truncated>0</truncated><difficult>0</difficult><bndbox><xmin>84</xmin><ymin>107</ymin><xmax>266</xmax><ymax>459</ymax></bndbox></object><object><name>Bicycle</name><pose>Unspecified</pose><truncated>0</truncated><difficult>0</difficult><bndbox><xmin>275</xmin><ymin>182</ymin><xmax>363</xmax><ymax>307</ymax></bndbox></object></Annotation>