<Annotation><filename>2015_00438</filename><size><width>500</width><height>375</height><depth>3</depth></size><object><name>Bicycle</name><pose>Unspecified</pose><truncated>0</truncated><difficult>0</difficult><bndbox><xmin>452</xmin><ymin>223</ymin><xmax>497</xmax><ymax>283</ymax></bndbox></object><object><name>People</name><pose>Unspecified</pose><truncated>0</truncated><difficult>0</difficult><bndbox><xmin>386</xmin><ymin>194</ymin><xmax>398</xmax><ymax>227</ymax></bndbox></object><object><name>Car</name><pose>Unspecified</pose><truncated>0</truncated><difficult>0</difficult><bndbox><xmin>403</xmin><ymin>198</ymin><xmax>431</xmax><ymax>233</ymax></bndbox></object><object><name>Car</name><pose>Unspecified</pose><truncated>0</truncated><difficult>0</difficult><bndbox><xmin>424</xmin><ymin>197</ymin><xmax>470</xmax><ymax>244</ymax></bndbox></object></Annotation>