<Annotation><filename>2015_00010</filename><size><width>864</width><height>576</height><depth>3</depth></size><object><name>Bicycle</name><pose>Unspecified</pose><truncated>0</truncated><difficult>0</difficult><bndbox><xmin>515</xmin><ymin>349</ymin><xmax>783</xmax><ymax>528</ymax></bndbox></object><object><name>Bicycle</name><pose>Unspecified</pose><truncated>0</truncated><difficult>0</difficult><bndbox><xmin>156</xmin><ymin>382</ymin><xmax>313</xmax><ymax>507</ymax></bndbox></object><object><name>People</name><pose>Unspecified</pose><truncated>0</truncated><difficult>0</difficult><bndbox><xmin>79</xmin><ymin>316</ymin><xmax>246</xmax><ymax>490</ymax></bndbox></object></Annotation>