<Annotation><filename>2015_00352</filename><size><width>640</width><height>451</height><depth>3</depth></size><object><name>Bicycle</name><pose>Unspecified</pose><truncated>0</truncated><difficult>0</difficult><bndbox><xmin>206</xmin><ymin>34</ymin><xmax>341</xmax><ymax>258</ymax></bndbox></object><object><name>Bicycle</name><pose>Unspecified</pose><truncated>0</truncated><difficult>0</difficult><bndbox><xmin>507</xmin><ymin>101</ymin><xmax>638</xmax><ymax>263</ymax></bndbox></object></Annotation>