<Annotation><filename>2015_00048</filename><size><width>640</width><height>429</height><depth>3</depth></size><object><name>Bicycle</name><pose>Unspecified</pose><truncated>0</truncated><difficult>0</difficult><bndbox><xmin>248</xmin><ymin>174</ymin><xmax>376</xmax><ymax>301</ymax></bndbox></object><object><name>Car</name><pose>Unspecified</pose><truncated>0</truncated><difficult>0</difficult><bndbox><xmin>30</xmin><ymin>187</ymin><xmax>117</xmax><ymax>243</ymax></bndbox></object><object><name>Car</name><pose>Unspecified</pose><truncated>0</truncated><difficult>0</difficult><bndbox><xmin>525</xmin><ymin>193</ymin><xmax>589</xmax><ymax>249</ymax></bndbox></object><object><name>People</name><pose>Unspecified</pose><truncated>0</truncated><difficult>0</difficult><bndbox><xmin>125</xmin><ymin>165</ymin><xmax>161</xmax><ymax>257</ymax></bndbox></object><object><name>People</name><pose>Unspecified</pose><truncated>0</truncated><difficult>0</difficult><bndbox><xmin>176</xmin><ymin>167</ymin><xmax>220</xmax><ymax>255</ymax></bndbox></object><object><name>People</name><pose>Unspecified</pose><truncated>0</truncated><difficult>0</difficult><bndbox><xmin>460</xmin><ymin>179</ymin><xmax>508</xmax><ymax>271</ymax></bndbox></object></Annotation>