<Annotation><filename>2015_00219</filename><size><width>480</width><height>640</height><depth>3</depth></size><object><name>Bicycle</name><pose>Unspecified</pose><truncated>0</truncated><difficult>0</difficult><bndbox><xmin>271</xmin><ymin>327</ymin><xmax>380</xmax><ymax>488</ymax></bndbox></object><object><name>Motorbike</name><pose>Unspecified</pose><truncated>0</truncated><difficult>0</difficult><bndbox><xmin>312</xmin><ymin>282</ymin><xmax>391</xmax><ymax>424</ymax></bndbox></object></Annotation>