<Annotation><filename>2015_00222</filename><size><width>1024</width><height>731</height><depth>3</depth></size><object><name>Bicycle</name><pose>Unspecified</pose><truncated>0</truncated><difficult>0</difficult><bndbox><xmin>209</xmin><ymin>272</ymin><xmax>783</xmax><ymax>720</ymax></bndbox></object><object><name>People</name><pose>Unspecified</pose><truncated>0</truncated><difficult>0</difficult><bndbox><xmin>272</xmin><ymin>7</ymin><xmax>668</xmax><ymax>654</ymax></bndbox></object></Annotation>