<Annotation><filename>2015_00338</filename><size><width>640</width><height>480</height><depth>3</depth></size><object><name>Bicycle</name><pose>Unspecified</pose><truncated>0</truncated><difficult>0</difficult><bndbox><xmin>363</xmin><ymin>238</ymin><xmax>467</xmax><ymax>426</ymax></bndbox></object><object><name>People</name><pose>Unspecified</pose><truncated>0</truncated><difficult>0</difficult><bndbox><xmin>332</xmin><ymin>180</ymin><xmax>407</xmax><ymax>416</ymax></bndbox></object></Annotation>