<Annotation><filename>2015_00207</filename><size><width>640</width><height>480</height><depth>3</depth></size><object><name>Bicycle</name><pose>Unspecified</pose><truncated>0</truncated><difficult>0</difficult><bndbox><xmin>29</xmin><ymin>222</ymin><xmax>143</xmax><ymax>347</ymax></bndbox></object><object><name>Bicycle</name><pose>Unspecified</pose><truncated>0</truncated><difficult>0</difficult><bndbox><xmin>118</xmin><ymin>265</ymin><xmax>350</xmax><ymax>476</ymax></bndbox></object><object><name>Motorbike</name><pose>Unspecified</pose><truncated>0</truncated><difficult>0</difficult><bndbox><xmin>46</xmin><ymin>213</ymin><xmax>84</xmax><ymax>246</ymax></bndbox></object><object><name>People</name><pose>Unspecified</pose><truncated>0</truncated><difficult>0</difficult><bndbox><xmin>53</xmin><ymin>196</ymin><xmax>70</xmax><ymax>238</ymax></bndbox></object><object><name>People</name><pose>Unspecified</pose><truncated>0</truncated><difficult>0</difficult><bndbox><xmin>170</xmin><ymin>199</ymin><xmax>189</xmax><ymax>241</ymax></bndbox></object><object><name>Bus</name><pose>Unspecified</pose><truncated>0</truncated><difficult>0</difficult><bndbox><xmin>4</xmin><ymin>168</ymin><xmax>117</xmax><ymax>236</ymax></bndbox></object></Annotation>