<Annotation><filename>2015_00213</filename><size><width>334</width><height>500</height><depth>3</depth></size><object><name>Bicycle</name><pose>Unspecified</pose><truncated>0</truncated><difficult>0</difficult><bndbox><xmin>9</xmin><ymin>265</ymin><xmax>109</xmax><ymax>344</ymax></bndbox></object><object><name>Bicycle</name><pose>Unspecified</pose><truncated>0</truncated><difficult>0</difficult><bndbox><xmin>266</xmin><ymin>251</ymin><xmax>330</xmax><ymax>314</ymax></bndbox></object></Annotation>