<Annotation><filename>2015_00375</filename><size><width>800</width><height>559</height><depth>3</depth></size><object><name>Bicycle</name><pose>Unspecified</pose><truncated>0</truncated><difficult>0</difficult><bndbox><xmin>282</xmin><ymin>175</ymin><xmax>542</xmax><ymax>362</ymax></bndbox></object><object><name>People</name><pose>Unspecified</pose><truncated>0</truncated><difficult>0</difficult><bndbox><xmin>347</xmin><ymin>81</ymin><xmax>496</xmax><ymax>302</ymax></bndbox></object></Annotation>