<Annotation><filename>2015_00437</filename><size><width>500</width><height>374</height><depth>3</depth></size><object><name>Bicycle</name><pose>Unspecified</pose><truncated>0</truncated><difficult>0</difficult><bndbox><xmin>227</xmin><ymin>257</ymin><xmax>302</xmax><ymax>322</ymax></bndbox></object><object><name>Bicycle</name><pose>Unspecified</pose><truncated>0</truncated><difficult>0</difficult><bndbox><xmin>317</xmin><ymin>250</ymin><xmax>387</xmax><ymax>302</ymax></bndbox></object><object><name>Bicycle</name><pose>Unspecified</pose><truncated>0</truncated><difficult>0</difficult><bndbox><xmin>393</xmin><ymin>255</ymin><xmax>502</xmax><ymax>330</ymax></bndbox></object></Annotation>