<Annotation><filename>2015_00138</filename><size><width>359</width><height>478</height><depth>3</depth></size><object><name>Bicycle</name><pose>Unspecified</pose><truncated>0</truncated><difficult>0</difficult><bndbox><xmin>184</xmin><ymin>355</ymin><xmax>248</xmax><ymax>420</ymax></bndbox></object><object><name>People</name><pose>Unspecified</pose><truncated>0</truncated><difficult>0</difficult><bndbox><xmin>192</xmin><ymin>335</ymin><xmax>245</xmax><ymax>416</ymax></bndbox></object><object><name>People</name><pose>Unspecified</pose><truncated>0</truncated><difficult>0</difficult><bndbox><xmin>256</xmin><ymin>317</ymin><xmax>303</xmax><ymax>417</ymax></bndbox></object><object><name>People</name><pose>Unspecified</pose><truncated>0</truncated><difficult>0</difficult><bndbox><xmin>297</xmin><ymin>306</ymin><xmax>332</xmax><ymax>437</ymax></bndbox></object></Annotation>