<Annotation><filename>2015_00486</filename><size><width>1030</width><height>650</height><depth>3</depth></size><object><name>Bicycle</name><pose>Unspecified</pose><truncated>0</truncated><difficult>0</difficult><bndbox><xmin>33</xmin><ymin>259</ymin><xmax>247</xmax><ymax>537</ymax></bndbox></object><object><name>Bicycle</name><pose>Unspecified</pose><truncated>0</truncated><difficult>0</difficult><bndbox><xmin>838</xmin><ymin>259</ymin><xmax>1021</xmax><ymax>558</ymax></bndbox></object><object><name>Bicycle</name><pose>Unspecified</pose><truncated>0</truncated><difficult>0</difficult><bndbox><xmin>581</xmin><ymin>235</ymin><xmax>655</xmax><ymax>324</ymax></bndbox></object></Annotation>