<Annotation><filename>2015_00454</filename><size><width>3264</width><height>2448</height><depth>3</depth></size><object><name>Bicycle</name><pose>Unspecified</pose><truncated>0</truncated><difficult>0</difficult><bndbox><xmin>1846</xmin><ymin>851</ymin><xmax>2307</xmax><ymax>1562</ymax></bndbox></object><object><name>People</name><pose>Unspecified</pose><truncated>0</truncated><difficult>0</difficult><bndbox><xmin>1260</xmin><ymin>807</ymin><xmax>1354</xmax><ymax>1126</ymax></bndbox></object><object><name>People</name><pose>Unspecified</pose><truncated>0</truncated><difficult>0</difficult><bndbox><xmin>1364</xmin><ymin>793</ymin><xmax>1489</xmax><ymax>1101</ymax></bndbox></object><object><name>Car</name><pose>Unspecified</pose><truncated>0</truncated><difficult>0</difficult><bndbox><xmin>103</xmin><ymin>901</ymin><xmax>477</xmax><ymax>1119</ymax></bndbox></object><object><name>Car</name><pose>Unspecified</pose><truncated>0</truncated><difficult>0</difficult><bndbox><xmin>460</xmin><ymin>869</ymin><xmax>772</xmax><ymax>1098</ymax></bndbox></object></Annotation>