<Annotation><filename>2015_00367</filename><size><width>600</width><height>800</height><depth>3</depth></size><object><name>Bicycle</name><pose>Unspecified</pose><truncated>0</truncated><difficult>0</difficult><bndbox><xmin>175</xmin><ymin>320</ymin><xmax>471</xmax><ymax>788</ymax></bndbox></object><object><name>People</name><pose>Unspecified</pose><truncated>0</truncated><difficult>0</difficult><bndbox><xmin>129</xmin><ymin>100</ymin><xmax>377</xmax><ymax>690</ymax></bndbox></object><object><name>Car</name><pose>Unspecified</pose><truncated>0</truncated><difficult>0</difficult><bndbox><xmin>440</xmin><ymin>240</ymin><xmax>576</xmax><ymax>302</ymax></bndbox></object></Annotation>