<Annotation><filename>2015_00192</filename><size><width>333</width><height>500</height><depth>3</depth></size><object><name>Bicycle</name><pose>Unspecified</pose><truncated>0</truncated><difficult>0</difficult><bndbox><xmin>3</xmin><ymin>240</ymin><xmax>283</xmax><ymax>479</ymax></bndbox></object><object><name>People</name><pose>Unspecified</pose><truncated>0</truncated><difficult>0</difficult><bndbox><xmin>56</xmin><ymin>140</ymin><xmax>134</xmax><ymax>260</ymax></bndbox></object><object><name>People</name><pose>Unspecified</pose><truncated>0</truncated><difficult>0</difficult><bndbox><xmin>232</xmin><ymin>107</ymin><xmax>331</xmax><ymax>445</ymax></bndbox></object></Annotation>