<Annotation><filename>2015_00500</filename><size><width>620</width><height>372</height><depth>3</depth></size><object><name>Bicycle</name><pose>Unspecified</pose><truncated>0</truncated><difficult>0</difficult><bndbox><xmin>315</xmin><ymin>190</ymin><xmax>572</xmax><ymax>352</ymax></bndbox></object><object><name>People</name><pose>Unspecified</pose><truncated>0</truncated><difficult>0</difficult><bndbox><xmin>381</xmin><ymin>91</ymin><xmax>497</xmax><ymax>344</ymax></bndbox></object></Annotation>