<Annotation><filename>2015_00015</filename><size><width>800</width><height>800</height><depth>3</depth></size><object><name>Bicycle</name><pose>Unspecified</pose><truncated>0</truncated><difficult>0</difficult><bndbox><xmin>245</xmin><ymin>261</ymin><xmax>469</xmax><ymax>639</ymax></bndbox></object><object><name>Bicycle</name><pose>Unspecified</pose><truncated>0</truncated><difficult>0</difficult><bndbox><xmin>539</xmin><ymin>347</ymin><xmax>587</xmax><ymax>445</ymax></bndbox></object><object><name>Bicycle</name><pose>Unspecified</pose><truncated>0</truncated><difficult>0</difficult><bndbox><xmin>471</xmin><ymin>305</ymin><xmax>541</xmax><ymax>488</ymax></bndbox></object></Annotation>