<Annotation><filename>2015_00488</filename><size><width>900</width><height>640</height><depth>3</depth></size><object><name>Bicycle</name><pose>Unspecified</pose><truncated>0</truncated><difficult>0</difficult><bndbox><xmin>176</xmin><ymin>204</ymin><xmax>342</xmax><ymax>466</ymax></bndbox></object><object><name>Bicycle</name><pose>Unspecified</pose><truncated>0</truncated><difficult>0</difficult><bndbox><xmin>430</xmin><ymin>213</ymin><xmax>604</xmax><ymax>430</ymax></bndbox></object><object><name>Bicycle</name><pose>Unspecified</pose><truncated>0</truncated><difficult>0</difficult><bndbox><xmin>682</xmin><ymin>228</ymin><xmax>826</xmax><ymax>446</ymax></bndbox></object></Annotation>