<Annotation><filename>2015_00278</filename><size><width>640</width><height>426</height><depth>3</depth></size><object><name>Bicycle</name><pose>Unspecified</pose><truncated>0</truncated><difficult>0</difficult><bndbox><xmin>288</xmin><ymin>103</ymin><xmax>405</xmax><ymax>230</ymax></bndbox></object><object><name>People</name><pose>Unspecified</pose><truncated>0</truncated><difficult>0</difficult><bndbox><xmin>298</xmin><ymin>5</ymin><xmax>381</xmax><ymax>198</ymax></bndbox></object></Annotation>