<Annotation><filename>2015_00417</filename><size><width>480</width><height>640</height><depth>3</depth></size><object><name>Bicycle</name><pose>Unspecified</pose><truncated>0</truncated><difficult>0</difficult><bndbox><xmin>216</xmin><ymin>460</ymin><xmax>287</xmax><ymax>513</ymax></bndbox></object><object><name>Car</name><pose>Unspecified</pose><truncated>0</truncated><difficult>0</difficult><bndbox><xmin>315</xmin><ymin>441</ymin><xmax>433</xmax><ymax>502</ymax></bndbox></object><object><name>Car</name><pose>Unspecified</pose><truncated>0</truncated><difficult>0</difficult><bndbox><xmin>10</xmin><ymin>442</ymin><xmax>86</xmax><ymax>483</ymax></bndbox></object><object><name>People</name><pose>Unspecified</pose><truncated>0</truncated><difficult>0</difficult><bndbox><xmin>29</xmin><ymin>439</ymin><xmax>64</xmax><ymax>513</ymax></bndbox></object><object><name>People</name><pose>Unspecified</pose><truncated>0</truncated><difficult>0</difficult><bndbox><xmin>71</xmin><ymin>436</ymin><xmax>102</xmax><ymax>512</ymax></bndbox></object><object><name>People</name><pose>Unspecified</pose><truncated>0</truncated><difficult>0</difficult><bndbox><xmin>399</xmin><ymin>445</ymin><xmax>439</xmax><ymax>515</ymax></bndbox></object><object><name>People</name><pose>Unspecified</pose><truncated>0</truncated><difficult>0</difficult><bndbox><xmin>446</xmin><ymin>451</ymin><xmax>467</xmax><ymax>491</ymax></bndbox></object></Annotation>