<Annotation><filename>2015_00087</filename><size><width>1024</width><height>683</height><depth>3</depth></size><object><name>Bicycle</name><pose>Unspecified</pose><truncated>0</truncated><difficult>0</difficult><bndbox><xmin>409</xmin><ymin>329</ymin><xmax>538</xmax><ymax>493</ymax></bndbox></object><object><name>People</name><pose>Unspecified</pose><truncated>0</truncated><difficult>0</difficult><bndbox><xmin>440</xmin><ymin>264</ymin><xmax>538</xmax><ymax>439</ymax></bndbox></object></Annotation>