<Annotation><filename>2015_00449</filename><size><width>1600</width><height>1200</height><depth>3</depth></size><object><name>Bicycle</name><pose>Unspecified</pose><truncated>0</truncated><difficult>0</difficult><bndbox><xmin>597</xmin><ymin>778</ymin><xmax>931</xmax><ymax>1028</ymax></bndbox></object><object><name>People</name><pose>Unspecified</pose><truncated>0</truncated><difficult>0</difficult><bndbox><xmin>701</xmin><ymin>668</ymin><xmax>878</xmax><ymax>964</ymax></bndbox></object></Annotation>