<Annotation><filename>2015_00269</filename><size><width>1024</width><height>1024</height><depth>3</depth></size><object><name>Bicycle</name><pose>Unspecified</pose><truncated>0</truncated><difficult>0</difficult><bndbox><xmin>11</xmin><ymin>547</ymin><xmax>231</xmax><ymax>759</ymax></bndbox></object><object><name>People</name><pose>Unspecified</pose><truncated>0</truncated><difficult>0</difficult><bndbox><xmin>502</xmin><ymin>416</ymin><xmax>613</xmax><ymax>645</ymax></bndbox></object><object><name>People</name><pose>Unspecified</pose><truncated>0</truncated><difficult>0</difficult><bndbox><xmin>715</xmin><ymin>409</ymin><xmax>781</xmax><ymax>621</ymax></bndbox></object></Annotation>