<Annotation><filename>2015_00127</filename><size><width>640</width><height>407</height><depth>3</depth></size><object><name>Bicycle</name><pose>Unspecified</pose><truncated>0</truncated><difficult>0</difficult><bndbox><xmin>133</xmin><ymin>85</ymin><xmax>305</xmax><ymax>393</ymax></bndbox></object><object><name>Table</name><pose>Unspecified</pose><truncated>0</truncated><difficult>0</difficult><bndbox><xmin>335</xmin><ymin>214</ymin><xmax>436</xmax><ymax>271</ymax></bndbox></object><object><name>Table</name><pose>Unspecified</pose><truncated>0</truncated><difficult>0</difficult><bndbox><xmin>431</xmin><ymin>213</ymin><xmax>504</xmax><ymax>274</ymax></bndbox></object></Annotation>