<Annotation><filename>2015_00450</filename><size><width>750</width><height>500</height><depth>3</depth></size><object><name>Bicycle</name><pose>Unspecified</pose><truncated>0</truncated><difficult>0</difficult><bndbox><xmin>360</xmin><ymin>188</ymin><xmax>595</xmax><ymax>493</ymax></bndbox></object><object><name>Bicycle</name><pose>Unspecified</pose><truncated>0</truncated><difficult>0</difficult><bndbox><xmin>192</xmin><ymin>190</ymin><xmax>267</xmax><ymax>313</ymax></bndbox></object><object><name>People</name><pose>Unspecified</pose><truncated>0</truncated><difficult>0</difficult><bndbox><xmin>377</xmin><ymin>21</ymin><xmax>594</xmax><ymax>427</ymax></bndbox></object></Annotation>