<Annotation><filename>2015_00047</filename><size><width>640</width><height>427</height><depth>3</depth></size><object><name>Bicycle</name><pose>Unspecified</pose><truncated>0</truncated><difficult>0</difficult><bndbox><xmin>236</xmin><ymin>180</ymin><xmax>397</xmax><ymax>362</ymax></bndbox></object><object><name>People</name><pose>Unspecified</pose><truncated>0</truncated><difficult>0</difficult><bndbox><xmin>260</xmin><ymin>89</ymin><xmax>344</xmax><ymax>334</ymax></bndbox></object><object><name>Car</name><pose>Unspecified</pose><truncated>0</truncated><difficult>0</difficult><bndbox><xmin>472</xmin><ymin>114</ymin><xmax>596</xmax><ymax>202</ymax></bndbox></object></Annotation>