<Annotation><filename>2015_00455</filename><size><width>3264</width><height>2448</height><depth>3</depth></size><object><name>Bicycle</name><pose>Unspecified</pose><truncated>0</truncated><difficult>0</difficult><bndbox><xmin>1188</xmin><ymin>763</ymin><xmax>1849</xmax><ymax>1852</ymax></bndbox></object><object><name>Car</name><pose>Unspecified</pose><truncated>0</truncated><difficult>0</difficult><bndbox><xmin>1714</xmin><ymin>682</ymin><xmax>2604</xmax><ymax>1042</ymax></bndbox></object><object><name>Car</name><pose>Unspecified</pose><truncated>0</truncated><difficult>0</difficult><bndbox><xmin>363</xmin><ymin>609</ymin><xmax>2019</xmax><ymax>1250</ymax></bndbox></object><object><name>Car</name><pose>Unspecified</pose><truncated>0</truncated><difficult>0</difficult><bndbox><xmin>44</xmin><ymin>651</ymin><xmax>948</xmax><ymax>1386</ymax></bndbox></object></Annotation>