<Annotation><filename>2015_00009</filename><size><width>500</width><height>375</height><depth>3</depth></size><object><name>Bicycle</name><pose>Unspecified</pose><truncated>0</truncated><difficult>0</difficult><bndbox><xmin>174</xmin><ymin>151</ymin><xmax>344</xmax><ymax>254</ymax></bndbox></object><object><name>Bicycle</name><pose>Unspecified</pose><truncated>0</truncated><difficult>0</difficult><bndbox><xmin>346</xmin><ymin>154</ymin><xmax>467</xmax><ymax>252</ymax></bndbox></object><object><name>People</name><pose>Unspecified</pose><truncated>0</truncated><difficult>0</difficult><bndbox><xmin>241</xmin><ymin>87</ymin><xmax>307</xmax><ymax>245</ymax></bndbox></object><object><name>People</name><pose>Unspecified</pose><truncated>0</truncated><difficult>0</difficult><bndbox><xmin>302</xmin><ymin>83</ymin><xmax>379</xmax><ymax>249</ymax></bndbox></object></Annotation>