<Annotation><filename>2015_00074</filename><size><width>1024</width><height>683</height><depth>3</depth></size><object><name>Bicycle</name><pose>Unspecified</pose><truncated>0</truncated><difficult>0</difficult><bndbox><xmin>471</xmin><ymin>213</ymin><xmax>771</xmax><ymax>634</ymax></bndbox></object><object><name>Dog</name><pose>Unspecified</pose><truncated>0</truncated><difficult>0</difficult><bndbox><xmin>205</xmin><ymin>345</ymin><xmax>370</xmax><ymax>540</ymax></bndbox></object><object><name>People</name><pose>Unspecified</pose><truncated>0</truncated><difficult>0</difficult><bndbox><xmin>228</xmin><ymin>253</ymin><xmax>371</xmax><ymax>419</ymax></bndbox></object><object><name>People</name><pose>Unspecified</pose><truncated>0</truncated><difficult>0</difficult><bndbox><xmin>401</xmin><ymin>256</ymin><xmax>498</xmax><ymax>429</ymax></bndbox></object><object><name>Chair</name><pose>Unspecified</pose><truncated>0</truncated><difficult>0</difficult><bndbox><xmin>400</xmin><ymin>358</ymin><xmax>476</xmax><ymax>493</ymax></bndbox></object></Annotation>