<Annotation><filename>2015_00247</filename><size><width>480</width><height>640</height><depth>3</depth></size><object><name>Bicycle</name><pose>Unspecified</pose><truncated>0</truncated><difficult>0</difficult><bndbox><xmin>89</xmin><ymin>195</ymin><xmax>313</xmax><ymax>635</ymax></bndbox></object><object><name>Bicycle</name><pose>Unspecified</pose><truncated>0</truncated><difficult>0</difficult><bndbox><xmin>280</xmin><ymin>183</ymin><xmax>467</xmax><ymax>627</ymax></bndbox></object></Annotation>