<Annotation><filename>2015_00156</filename><size><width>500</width><height>333</height><depth>3</depth></size><object><name>Bicycle</name><pose>Unspecified</pose><truncated>0</truncated><difficult>0</difficult><bndbox><xmin>219</xmin><ymin>166</ymin><xmax>282</xmax><ymax>268</ymax></bndbox></object><object><name>People</name><pose>Unspecified</pose><truncated>0</truncated><difficult>0</difficult><bndbox><xmin>181</xmin><ymin>97</ymin><xmax>331</xmax><ymax>231</ymax></bndbox></object></Annotation>