<Annotation><filename>2015_00460</filename><size><width>2448</width><height>2448</height><depth>3</depth></size><object><name>Bicycle</name><pose>Unspecified</pose><truncated>0</truncated><difficult>0</difficult><bndbox><xmin>858</xmin><ymin>942</ymin><xmax>1546</xmax><ymax>1666</ymax></bndbox></object><object><name>Car</name><pose>Unspecified</pose><truncated>0</truncated><difficult>0</difficult><bndbox><xmin>2161</xmin><ymin>774</ymin><xmax>2442</xmax><ymax>997</ymax></bndbox></object></Annotation>