<Annotation><filename>2015_00184</filename><size><width>333</width><height>500</height><depth>3</depth></size><object><name>Bicycle</name><pose>Unspecified</pose><truncated>0</truncated><difficult>0</difficult><bndbox><xmin>93</xmin><ymin>227</ymin><xmax>256</xmax><ymax>375</ymax></bndbox></object><object><name>People</name><pose>Unspecified</pose><truncated>0</truncated><difficult>0</difficult><bndbox><xmin>151</xmin><ymin>177</ymin><xmax>253</xmax><ymax>337</ymax></bndbox></object></Annotation>