<Annotation><filename>2015_00104</filename><size><width>1024</width><height>819</height><depth>3</depth></size><object><name>Bicycle</name><pose>Unspecified</pose><truncated>0</truncated><difficult>0</difficult><bndbox><xmin>141</xmin><ymin>510</ymin><xmax>304</xmax><ymax>686</ymax></bndbox></object><object><name>Car</name><pose>Unspecified</pose><truncated>0</truncated><difficult>0</difficult><bndbox><xmin>750</xmin><ymin>415</ymin><xmax>918</xmax><ymax>517</ymax></bndbox></object><object><name>Car</name><pose>Unspecified</pose><truncated>0</truncated><difficult>0</difficult><bndbox><xmin>612</xmin><ymin>424</ymin><xmax>666</xmax><ymax>471</ymax></bndbox></object><object><name>Dog</name><pose>Unspecified</pose><truncated>0</truncated><difficult>0</difficult><bndbox><xmin>725</xmin><ymin>496</ymin><xmax>799</xmax><ymax>580</ymax></bndbox></object><object><name>People</name><pose>Unspecified</pose><truncated>0</truncated><difficult>0</difficult><bndbox><xmin>311</xmin><ymin>411</ymin><xmax>360</xmax><ymax>493</ymax></bndbox></object></Annotation>