<Annotation><filename>2015_00112</filename><size><width>500</width><height>430</height><depth>3</depth></size><object><name>Bicycle</name><pose>Unspecified</pose><truncated>0</truncated><difficult>0</difficult><bndbox><xmin>237</xmin><ymin>284</ymin><xmax>283</xmax><ymax>317</ymax></bndbox></object><object><name>Bicycle</name><pose>Unspecified</pose><truncated>0</truncated><difficult>0</difficult><bndbox><xmin>402</xmin><ymin>265</ymin><xmax>456</xmax><ymax>337</ymax></bndbox></object></Annotation>