<Annotation><filename>2015_00096</filename><size><width>640</width><height>456</height><depth>3</depth></size><object><name>Bicycle</name><pose>Unspecified</pose><truncated>0</truncated><difficult>0</difficult><bndbox><xmin>142</xmin><ymin>113</ymin><xmax>465</xmax><ymax>398</ymax></bndbox></object><object><name>Bicycle</name><pose>Unspecified</pose><truncated>0</truncated><difficult>0</difficult><bndbox><xmin>405</xmin><ymin>187</ymin><xmax>613</xmax><ymax>358</ymax></bndbox></object></Annotation>