<Annotation><filename>2015_00430</filename><size><width>2448</width><height>3264</height><depth>3</depth></size><object><name>Bicycle</name><pose>Unspecified</pose><truncated>0</truncated><difficult>0</difficult><bndbox><xmin>594</xmin><ymin>1169</ymin><xmax>1525</xmax><ymax>2695</ymax></bndbox></object><object><name>People</name><pose>Unspecified</pose><truncated>0</truncated><difficult>0</difficult><bndbox><xmin>663</xmin><ymin>372</ymin><xmax>1532</xmax><ymax>2401</ymax></bndbox></object></Annotation>