<Annotation><filename>2015_00092</filename><size><width>507</width><height>337</height><depth>3</depth></size><object><name>Bicycle</name><pose>Unspecified</pose><truncated>0</truncated><difficult>0</difficult><bndbox><xmin>298</xmin><ymin>217</ymin><xmax>386</xmax><ymax>334</ymax></bndbox></object><object><name>Car</name><pose>Unspecified</pose><truncated>0</truncated><difficult>0</difficult><bndbox><xmin>211</xmin><ymin>174</ymin><xmax>275</xmax><ymax>207</ymax></bndbox></object><object><name>People</name><pose>Unspecified</pose><truncated>0</truncated><difficult>0</difficult><bndbox><xmin>134</xmin><ymin>174</ymin><xmax>164</xmax><ymax>203</ymax></bndbox></object></Annotation>