<Annotation><filename>2015_00277</filename><size><width>339</width><height>509</height><depth>3</depth></size><object><name>Bicycle</name><pose>Unspecified</pose><truncated>0</truncated><difficult>0</difficult><bndbox><xmin>42</xmin><ymin>323</ymin><xmax>150</xmax><ymax>402</ymax></bndbox></object><object><name>People</name><pose>Unspecified</pose><truncated>0</truncated><difficult>0</difficult><bndbox><xmin>167</xmin><ymin>286</ymin><xmax>188</xmax><ymax>330</ymax></bndbox></object><object><name>People</name><pose>Unspecified</pose><truncated>0</truncated><difficult>0</difficult><bndbox><xmin>317</xmin><ymin>297</ymin><xmax>332</xmax><ymax>331</ymax></bndbox></object></Annotation>