<Annotation><filename>2015_00342</filename><size><width>640</width><height>480</height><depth>3</depth></size><object><name>Bicycle</name><pose>Unspecified</pose><truncated>0</truncated><difficult>0</difficult><bndbox><xmin>133</xmin><ymin>329</ymin><xmax>285</xmax><ymax>435</ymax></bndbox></object><object><name>Bicycle</name><pose>Unspecified</pose><truncated>0</truncated><difficult>0</difficult><bndbox><xmin>423</xmin><ymin>276</ymin><xmax>545</xmax><ymax>375</ymax></bndbox></object><object><name>People</name><pose>Unspecified</pose><truncated>0</truncated><difficult>0</difficult><bndbox><xmin>187</xmin><ymin>288</ymin><xmax>256</xmax><ymax>384</ymax></bndbox></object><object><name>People</name><pose>Unspecified</pose><truncated>0</truncated><difficult>0</difficult><bndbox><xmin>455</xmin><ymin>243</ymin><xmax>524</xmax><ymax>339</ymax></bndbox></object></Annotation>