<Annotation><filename>2015_00168</filename><size><width>640</width><height>480</height><depth>3</depth></size><object><name>Bicycle</name><pose>Unspecified</pose><truncated>0</truncated><difficult>0</difficult><bndbox><xmin>130</xmin><ymin>317</ymin><xmax>324</xmax><ymax>477</ymax></bndbox></object><object><name>People</name><pose>Unspecified</pose><truncated>0</truncated><difficult>0</difficult><bndbox><xmin>150</xmin><ymin>236</ymin><xmax>289</xmax><ymax>470</ymax></bndbox></object></Annotation>