<Annotation><filename>2015_00164</filename><size><width>640</width><height>426</height><depth>3</depth></size><object><name>Bicycle</name><pose>Unspecified</pose><truncated>0</truncated><difficult>0</difficult><bndbox><xmin>247</xmin><ymin>139</ymin><xmax>560</xmax><ymax>368</ymax></bndbox></object><object><name>People</name><pose>Unspecified</pose><truncated>0</truncated><difficult>0</difficult><bndbox><xmin>337</xmin><ymin>27</ymin><xmax>458</xmax><ymax>348</ymax></bndbox></object></Annotation>