<Annotation><filename>2015_00305</filename><size><width>640</width><height>345</height><depth>3</depth></size><object><name>Bicycle</name><pose>Unspecified</pose><truncated>0</truncated><difficult>0</difficult><bndbox><xmin>12</xmin><ymin>198</ymin><xmax>118</xmax><ymax>326</ymax></bndbox></object><object><name>Bicycle</name><pose>Unspecified</pose><truncated>0</truncated><difficult>0</difficult><bndbox><xmin>171</xmin><ymin>209</ymin><xmax>239</xmax><ymax>328</ymax></bndbox></object><object><name>Bicycle</name><pose>Unspecified</pose><truncated>0</truncated><difficult>0</difficult><bndbox><xmin>285</xmin><ymin>199</ymin><xmax>378</xmax><ymax>323</ymax></bndbox></object><object><name>Bicycle</name><pose>Unspecified</pose><truncated>0</truncated><difficult>0</difficult><bndbox><xmin>429</xmin><ymin>197</ymin><xmax>563</xmax><ymax>334</ymax></bndbox></object></Annotation>