<Annotation><filename>2015_00212</filename><size><width>640</width><height>640</height><depth>3</depth></size><object><name>Bicycle</name><pose>Unspecified</pose><truncated>0</truncated><difficult>0</difficult><bndbox><xmin>86</xmin><ymin>297</ymin><xmax>436</xmax><ymax>531</ymax></bndbox></object><object><name>People</name><pose>Unspecified</pose><truncated>0</truncated><difficult>0</difficult><bndbox><xmin>146</xmin><ymin>108</ymin><xmax>347</xmax><ymax>526</ymax></bndbox></object></Annotation>