<Annotation><filename>2015_00271</filename><size><width>1024</width><height>666</height><depth>3</depth></size><object><name>Bicycle</name><pose>Unspecified</pose><truncated>0</truncated><difficult>0</difficult><bndbox><xmin>178</xmin><ymin>356</ymin><xmax>321</xmax><ymax>591</ymax></bndbox></object><object><name>Bicycle</name><pose>Unspecified</pose><truncated>0</truncated><difficult>0</difficult><bndbox><xmin>384</xmin><ymin>386</ymin><xmax>723</xmax><ymax>569</ymax></bndbox></object><object><name>Bicycle</name><pose>Unspecified</pose><truncated>0</truncated><difficult>0</difficult><bndbox><xmin>696</xmin><ymin>375</ymin><xmax>1021</xmax><ymax>575</ymax></bndbox></object></Annotation>