<Annotation><filename>2015_00339</filename><size><width>478</width><height>359</height><depth>3</depth></size><object><name>Bicycle</name><pose>Unspecified</pose><truncated>0</truncated><difficult>0</difficult><bndbox><xmin>188</xmin><ymin>92</ymin><xmax>424</xmax><ymax>350</ymax></bndbox></object><object><name>Bicycle</name><pose>Unspecified</pose><truncated>0</truncated><difficult>0</difficult><bndbox><xmin>1</xmin><ymin>94</ymin><xmax>159</xmax><ymax>333</ymax></bndbox></object><object><name>Motorbike</name><pose>Unspecified</pose><truncated>0</truncated><difficult>0</difficult><bndbox><xmin>145</xmin><ymin>130</ymin><xmax>360</xmax><ymax>269</ymax></bndbox></object></Annotation>