<Annotation><filename>2015_00085</filename><size><width>1600</width><height>1067</height><depth>3</depth></size><object><name>Bicycle</name><pose>Unspecified</pose><truncated>0</truncated><difficult>0</difficult><bndbox><xmin>425</xmin><ymin>510</ymin><xmax>948</xmax><ymax>896</ymax></bndbox></object><object><name>Bicycle</name><pose>Unspecified</pose><truncated>0</truncated><difficult>0</difficult><bndbox><xmin>7</xmin><ymin>437</ymin><xmax>403</xmax><ymax>925</ymax></bndbox></object><object><name>People</name><pose>Unspecified</pose><truncated>0</truncated><difficult>0</difficult><bndbox><xmin>1122</xmin><ymin>464</ymin><xmax>1231</xmax><ymax>659</ymax></bndbox></object><object><name>Car</name><pose>Unspecified</pose><truncated>0</truncated><difficult>0</difficult><bndbox><xmin>1202</xmin><ymin>504</ymin><xmax>1598</xmax><ymax>686</ymax></bndbox></object><object><name>Car</name><pose>Unspecified</pose><truncated>0</truncated><difficult>0</difficult><bndbox><xmin>862</xmin><ymin>528</ymin><xmax>1112</xmax><ymax>659</ymax></bndbox></object></Annotation>