<Annotation><filename>2015_00244</filename><size><width>685</width><height>1024</height><depth>3</depth></size><object><name>Bicycle</name><pose>Unspecified</pose><truncated>0</truncated><difficult>0</difficult><bndbox><xmin>202</xmin><ymin>451</ymin><xmax>546</xmax><ymax>678</ymax></bndbox></object><object><name>People</name><pose>Unspecified</pose><truncated>0</truncated><difficult>0</difficult><bndbox><xmin>299</xmin><ymin>312</ymin><xmax>473</xmax><ymax>626</ymax></bndbox></object></Annotation>