<Annotation><filename>2015_00135</filename><size><width>799</width><height>924</height><depth>3</depth></size><object><name>Bicycle</name><pose>Unspecified</pose><truncated>0</truncated><difficult>0</difficult><bndbox><xmin>512</xmin><ymin>541</ymin><xmax>799</xmax><ymax>727</ymax></bndbox></object><object><name>Bicycle</name><pose>Unspecified</pose><truncated>0</truncated><difficult>0</difficult><bndbox><xmin>271</xmin><ymin>580</ymin><xmax>404</xmax><ymax>742</ymax></bndbox></object></Annotation>