<Annotation><filename>2015_00287</filename><size><width>640</width><height>428</height><depth>3</depth></size><object><name>Bicycle</name><pose>Unspecified</pose><truncated>0</truncated><difficult>0</difficult><bndbox><xmin>322</xmin><ymin>263</ymin><xmax>434</xmax><ymax>351</ymax></bndbox></object><object><name>People</name><pose>Unspecified</pose><truncated>0</truncated><difficult>0</difficult><bndbox><xmin>255</xmin><ymin>234</ymin><xmax>273</xmax><ymax>280</ymax></bndbox></object><object><name>People</name><pose>Unspecified</pose><truncated>0</truncated><difficult>0</difficult><bndbox><xmin>228</xmin><ymin>231</ymin><xmax>254</xmax><ymax>287</ymax></bndbox></object><object><name>People</name><pose>Unspecified</pose><truncated>0</truncated><difficult>0</difficult><bndbox><xmin>184</xmin><ymin>231</ymin><xmax>219</xmax><ymax>296</ymax></bndbox></object><object><name>People</name><pose>Unspecified</pose><truncated>0</truncated><difficult>0</difficult><bndbox><xmin>114</xmin><ymin>241</ymin><xmax>162</xmax><ymax>312</ymax></bndbox></object></Annotation>