<Annotation><filename>2015_00452</filename><size><width>3264</width><height>2448</height><depth>3</depth></size><object><name>Bicycle</name><pose>Unspecified</pose><truncated>0</truncated><difficult>0</difficult><bndbox><xmin>1218</xmin><ymin>753</ymin><xmax>1783</xmax><ymax>1507</ymax></bndbox></object><object><name>Car</name><pose>Unspecified</pose><truncated>0</truncated><difficult>0</difficult><bndbox><xmin>938</xmin><ymin>686</ymin><xmax>1385</xmax><ymax>856</ymax></bndbox></object><object><name>People</name><pose>Unspecified</pose><truncated>0</truncated><difficult>0</difficult><bndbox><xmin>432</xmin><ymin>1233</ymin><xmax>643</xmax><ymax>1659</ymax></bndbox></object><object><name>Bicycle</name><pose>Unspecified</pose><truncated>0</truncated><difficult>0</difficult><bndbox><xmin>2611</xmin><ymin>734</ymin><xmax>3183</xmax><ymax>1579</ymax></bndbox></object></Annotation>