<Annotation><filename>2015_00110</filename><size><width>1024</width><height>768</height><depth>3</depth></size><object><name>Bicycle</name><pose>Unspecified</pose><truncated>0</truncated><difficult>0</difficult><bndbox><xmin>462</xmin><ymin>524</ymin><xmax>666</xmax><ymax>763</ymax></bndbox></object><object><name>Bicycle</name><pose>Unspecified</pose><truncated>0</truncated><difficult>0</difficult><bndbox><xmin>674</xmin><ymin>519</ymin><xmax>899</xmax><ymax>731</ymax></bndbox></object></Annotation>