<Annotation><filename>2015_00116</filename><size><width>640</width><height>426</height><depth>3</depth></size><object><name>Bicycle</name><pose>Unspecified</pose><truncated>0</truncated><difficult>0</difficult><bndbox><xmin>465</xmin><ymin>233</ymin><xmax>597</xmax><ymax>417</ymax></bndbox></object><object><name>People</name><pose>Unspecified</pose><truncated>0</truncated><difficult>0</difficult><bndbox><xmin>303</xmin><ymin>236</ymin><xmax>363</xmax><ymax>365</ymax></bndbox></object><object><name>Dog</name><pose>Unspecified</pose><truncated>0</truncated><difficult>0</difficult><bndbox><xmin>355</xmin><ymin>281</ymin><xmax>401</xmax><ymax>371</ymax></bndbox></object><object><name>Bottle</name><pose>Unspecified</pose><truncated>0</truncated><difficult>0</difficult><bndbox><xmin>245</xmin><ymin>304</ymin><xmax>265</xmax><ymax>341</ymax></bndbox></object><object><name>Table</name><pose>Unspecified</pose><truncated>0</truncated><difficult>0</difficult><bndbox><xmin>207</xmin><ymin>318</ymin><xmax>303</xmax><ymax>417</ymax></bndbox></object><object><name>Motorbike</name><pose>Unspecified</pose><truncated>0</truncated><difficult>0</difficult><bndbox><xmin>453</xmin><ymin>193</ymin><xmax>535</xmax><ymax>340</ymax></bndbox></object></Annotation>