<Annotation><filename>2015_00137</filename><size><width>499</width><height>341</height><depth>3</depth></size><object><name>Bicycle</name><pose>Unspecified</pose><truncated>0</truncated><difficult>0</difficult><bndbox><xmin>170</xmin><ymin>225</ymin><xmax>281</xmax><ymax>339</ymax></bndbox></object><object><name>People</name><pose>Unspecified</pose><truncated>0</truncated><difficult>0</difficult><bndbox><xmin>203</xmin><ymin>157</ymin><xmax>267</xmax><ymax>321</ymax></bndbox></object></Annotation>