<Annotation><filename>2015_00240</filename><size><width>508</width><height>337</height><depth>3</depth></size><object><name>Bicycle</name><pose>Unspecified</pose><truncated>0</truncated><difficult>0</difficult><bndbox><xmin>178</xmin><ymin>137</ymin><xmax>350</xmax><ymax>283</ymax></bndbox></object><object><name>People</name><pose>Unspecified</pose><truncated>0</truncated><difficult>0</difficult><bndbox><xmin>207</xmin><ymin>86</ymin><xmax>227</xmax><ymax>137</ymax></bndbox></object></Annotation>