<Annotation><filename>2015_00098</filename><size><width>1600</width><height>1067</height><depth>3</depth></size><object><name>Bicycle</name><pose>Unspecified</pose><truncated>0</truncated><difficult>0</difficult><bndbox><xmin>222</xmin><ymin>505</ymin><xmax>731</xmax><ymax>851</ymax></bndbox></object><object><name>People</name><pose>Unspecified</pose><truncated>0</truncated><difficult>0</difficult><bndbox><xmin>1406</xmin><ymin>418</ymin><xmax>1516</xmax><ymax>698</ymax></bndbox></object></Annotation>