<Annotation><filename>2015_00069</filename><size><width>640</width><height>481</height><depth>3</depth></size><object><name>Bicycle</name><pose>Unspecified</pose><truncated>0</truncated><difficult>0</difficult><bndbox><xmin>131</xmin><ymin>246</ymin><xmax>237</xmax><ymax>398</ymax></bndbox></object><object><name>Bicycle</name><pose>Unspecified</pose><truncated>0</truncated><difficult>0</difficult><bndbox><xmin>390</xmin><ymin>229</ymin><xmax>466</xmax><ymax>358</ymax></bndbox></object><object><name>Bicycle</name><pose>Unspecified</pose><truncated>0</truncated><difficult>0</difficult><bndbox><xmin>289</xmin><ymin>233</ymin><xmax>325</xmax><ymax>267</ymax></bndbox></object></Annotation>