<Annotation><filename>2015_00210</filename><size><width>480</width><height>640</height><depth>3</depth></size><object><name>Bicycle</name><pose>Unspecified</pose><truncated>0</truncated><difficult>0</difficult><bndbox><xmin>124</xmin><ymin>283</ymin><xmax>374</xmax><ymax>638</ymax></bndbox></object><object><name>Bicycle</name><pose>Unspecified</pose><truncated>0</truncated><difficult>0</difficult><bndbox><xmin>3</xmin><ymin>251</ymin><xmax>199</xmax><ymax>494</ymax></bndbox></object></Annotation>