<Annotation><filename>2015_00369</filename><size><width>337</width><height>506</height><depth>3</depth></size><object><name>Bicycle</name><pose>Unspecified</pose><truncated>0</truncated><difficult>0</difficult><bndbox><xmin>137</xmin><ymin>312</ymin><xmax>203</xmax><ymax>464</ymax></bndbox></object><object><name>Bicycle</name><pose>Unspecified</pose><truncated>0</truncated><difficult>0</difficult><bndbox><xmin>202</xmin><ymin>288</ymin><xmax>303</xmax><ymax>388</ymax></bndbox></object></Annotation>