<Annotation><filename>2015_00396</filename><size><width>640</width><height>480</height><depth>3</depth></size><object><name>Bicycle</name><pose>Unspecified</pose><truncated>0</truncated><difficult>0</difficult><bndbox><xmin>322</xmin><ymin>284</ymin><xmax>521</xmax><ymax>439</ymax></bndbox></object><object><name>Car</name><pose>Unspecified</pose><truncated>0</truncated><difficult>0</difficult><bndbox><xmin>466</xmin><ymin>322</ymin><xmax>573</xmax><ymax>390</ymax></bndbox></object><object><name>Bus</name><pose>Unspecified</pose><truncated>0</truncated><difficult>0</difficult><bndbox><xmin>6</xmin><ymin>159</ymin><xmax>467</xmax><ymax>465</ymax></bndbox></object></Annotation>